npm notice run nipp@0.1.0 test:isolation:e2e
npm notice run playwright test tests/isolation/e2e/ --config=tests/isolation/playwright.config.ts
⚠️  Starting Next.js dev server with .env.test...
🌱 Seeding test database...
npm notice run nipp@0.1.0 npx
npm notice run 'tsx' prisma/seed.ts
✅ RLS bootstrap applied as postgres (79 statements, role "nipp_app", password set from NIPP_APP_DB_PASSWORD)
✅ Updated existing Platform Organization: cmucdfjvu0000p9647x2y8z70
✅ Permission catalog overwritten/ensured: 49 permissions
✅ Overwritten Super Admin role permissions: cmucdfjws001fp964enmiy7pn
✅ Overwritten/Created Super Admin user: johnlynas666@gmail.com
✅ Updated credential account password
   ✅ Added platform user to "Members" team

📦 Seeding testing profile...
✅ Updated Test Tenant Org: cmucdfk250031p964tnmkqvpo
   ✅ Created and added Test Tenant User A to QA Operations and Members teams
   ✅ Created and added Test Tenant User B to QA Operations and Members teams
✅ Testing profile seeded: Test Tenant Org (orga-tenant@example.com, orgb-tenant@example.com)

📅 Seeding calendar test data...
   ✅ Created default calendar for Platform organization
   ✅ Calendar test data seeded for test tenant
✅ Resource catalog overwritten/ensured: 14 resources
🔔 Seeded 0 new SSE notification events (deduplicated on scope + org + title)

✅ Seed completed successfully! Database overwritten with latest script values.

📝 NEXT STEPS:
1. (Done automatically) PLATFORM_ORGANIZATION_ID in .env is kept in sync with the real platform org.

2. Restart your dev server: npm run dev
3. Log out completely and log back in using the credentials from your .env file.
4. You should now see the Super Admin dashboard!

📂 Project root: /Users/johnlynas/dev/nipp-0807
📂 .env exists: true
⏳ Waiting for server at http://localhost:3000...
  npm notice run nipp@0.1.0 npx
  npm notice run 'next' dev
   ⚠ Warning: Next.js inferred your workspace root, but it may not be correct.
 We detected multiple lockfiles and selected the directory of /Users/johnlynas/package-lock.json as the root directory.
 To silence this warning, set `outputFileTracingRoot` in your Next.js config, or consider removing one of the lockfiles if it's not needed.
   See https://nextjs.org/docs/app/api-reference/config/next-config-js/output#caveats for more information.
 Detected additional lockfiles: 
   * /Users/johnlynas/dev/nipp-0807/package-lock.json

     ▲ Next.js 15.5.25
     - Local:        http://localhost:3000
   - Network:      http://169.254.6.118:3000
   - Environments: .env.test

 ✓ Starting...
   ✓ Compiled /instrumentation in 352ms (259 modules)
  [Cache Warm] Starting cache warm...
   ✓ Ready in 1592ms
  [Cache Warm] Loaded 2 organizations into L1
  [Cache Warm] Loaded 3 users into L1
  [Cache Warm] Loaded 1 roles for org cmucdfjvu0000p9647x2y8z70
  [Cache Warm] Loaded 0 roles for org cmucdfk250031p964tnmkqvpo
  [Cache Warm] Loaded 49 permissions into L1
  [Cache Warm] Completed — 171 entries loaded into L1
   ✓ Compiled /middleware in 97ms (332 modules)
  [Cache Warm] L1 cache is disabled (Edge runtime or feature flag)
✅ Next.js server is reachable at http://localhost:3000

Running 49 tests using 4 workers

   ○ Compiling /login ...
  ✘   2 [chromium] › tests/isolation/e2e/payload-encryption-browser.test.ts:263:7 › Web Crypto Browser Tests › should have Web Crypto available in browser context (632ms)
  ✘   5 [chromium] › tests/isolation/e2e/payload-encryption-browser.test.ts:263:7 › Web Crypto Browser Tests › should have Web Crypto available in browser context (retry #1) (171ms)
   ✓ Compiled /login in 1083ms (1192 modules)
  [calendar-event-scheduler] Started (every 30s, lead window 15 min)
  [background-health-check] Started (every 30s)
  [job-scheduler] Started (scan every 10s, mode=worker, poll-only=false)
  [Redis] Connected
  ✘   6 [chromium] › tests/isolation/e2e/payload-encryption-browser.test.ts:274:7 › Web Crypto Browser Tests › should be in a secure context (161ms)
  [HEALTH_CHECK_FAILED] Status: unhealthy | Checks: {"database":{"status":"healthy","latency_ms":133},"cache":{"status":"healthy","latency_ms":39},"connection-pool":{"status":"unhealthy","error":"Connection pool connection failed ()"}}
  [SSE] pushNotification: Database health check passed | priority=INFO scope=GLOBAL source=health-check:database orgId=cmucdfjvu0000p9647x2y8z70
  [SSE] Failed to persist notification: Error [PrismaClientUnknownRequestError]: 
Invalid `prisma.notification.create()` invocation:


Error occurred during query execution:
ConnectorError(ConnectorError { user_facing_error: None, kind: QueryError(PostgresError { code: "42501", message: "new row violates row-level security policy for table \"Notification\"", severity: "ERROR", detail: None, column: None, hint: None }), transient: false })
    at async pushNotification (lib/notification-push.ts:294:5)
    at async notifyHealthCheck (lib/notification-push.ts:418:3)
    at async runHealthCheckWithNotifications (lib/background-health-check.ts:83:7)
  292 |   // Persist to DB for history/replay (model has no organizationName column)
  293 |   try {
> 294 |     await tenantDb.notification.create({
      |     ^
  295 |       data: {
  296 |         title: notification.title,
  297 |         message: notification.message, {
  clientVersion: '6.19.3'
}
  [SSE] No active subscribers — notification notif-1790067637224-yg5rgn was persisted but not broadcast to SSE
[background-health-check] Database transitioned: null → healthy
   GET /login 200 in 1833ms
   GET /login 200 in 1868ms
  [SSE] pushNotification: Cache health check passed | priority=INFO scope=GLOBAL source=health-check:cache orgId=cmucdfjvu0000p9647x2y8z70
   GET /login 200 in 1891ms
  [SSE] Failed to persist notification: Error [PrismaClientUnknownRequestError]: 
Invalid `prisma.notification.create()` invocation:


Error occurred during query execution:
ConnectorError(ConnectorError { user_facing_error: None, kind: QueryError(PostgresError { code: "42501", message: "new row violates row-level security policy for table \"Notification\"", severity: "ERROR", detail: None, column: None, hint: None }), transient: false })
    at async pushNotification (lib/notification-push.ts:294:5)
    at async notifyHealthCheck (lib/notification-push.ts:418:3)
    at async runHealthCheckWithNotifications (lib/background-health-check.ts:83:7)
  292 |   // Persist to DB for history/replay (model has no organizationName column)
  293 |   try {
> 294 |     await tenantDb.notification.create({
      |     ^
  295 |       data: {
  296 |         title: notification.title,
  297 |         message: notification.message, {
  clientVersion: '6.19.3'
}
  [SSE] No active subscribers — notification notif-1790067637511-3s236u was persisted but not broadcast to SSE
[background-health-check] Cache transitioned: null → healthy
  [SSE] pushNotification: Connection pool health check failed | priority=CRITICAL scope=GLOBAL source=health-check:pgbouncer orgId=cmucdfjvu0000p9647x2y8z70
  [SSE] Failed to persist notification: Error [PrismaClientUnknownRequestError]: 
Invalid `prisma.notification.create()` invocation:


Error occurred during query execution:
ConnectorError(ConnectorError { user_facing_error: None, kind: QueryError(PostgresError { code: "42501", message: "new row violates row-level security policy for table \"Notification\"", severity: "ERROR", detail: None, column: None, hint: None }), transient: false })
    at async pushNotification (lib/notification-push.ts:294:5)
    at async notifyHealthCheck (lib/notification-push.ts:418:3)
    at async runHealthCheckWithNotifications (lib/background-health-check.ts:83:7)
  292 |   // Persist to DB for history/replay (model has no organizationName column)
  293 |   try {
> 294 |     await tenantDb.notification.create({
      |     ^
  295 |       data: {
  296 |         title: notification.title,
  297 |         message: notification.message, {
  clientVersion: '6.19.3'
}
  [SSE] No active subscribers — notification notif-1790067637592-uc9rcu was persisted but not broadcast to SSE
[background-health-check] Connection pool transitioned: null → unhealthy
   ✓ Compiled in 903ms (376 modules)
  ✘   7 [chromium] › tests/isolation/e2e/payload-encryption-browser.test.ts:274:7 › Web Crypto Browser Tests › should be in a secure context (retry #1) (195ms)
  ✘   3 [chromium] › tests/isolation/e2e/calendar-interactions.spec.ts:94:7 › Calendar Interactions E2E › creates a recurring event and displays expanded instances in the calendar grid (2.9s)
  ✘   8 [chromium] › tests/isolation/e2e/payload-encryption-browser.test.ts:286:7 › Web Crypto Browser Tests › should generate AES-GCM keys successfully (334ms)
   ○ Compiling /api/auth/[...all] ...
  ✘  10 [chromium] › tests/isolation/e2e/payload-encryption-browser.test.ts:286:7 › Web Crypto Browser Tests › should generate AES-GCM keys successfully (retry #1) (268ms)
   ✓ Compiled /api/auth/[...all] in 1522ms (1582 modules)
  ✘  11 [chromium] › tests/isolation/e2e/payload-encryption-browser.test.ts:297:7 › Web Crypto Browser Tests › should encrypt and decrypt JSON payloads (210ms)
   GET /login? 200 in 1668ms
 GET /login 200 in 971ms
  ✘  12 [chromium] › tests/isolation/e2e/payload-encryption-browser.test.ts:297:7 › Web Crypto Browser Tests › should encrypt and decrypt JSON payloads (retry #1) (175ms)
   GET /api/auth/get-session 200 in 2243ms
   POST /api/auth/sign-in/email 200 in 2008ms
  ✘   9 [chromium] › tests/isolation/e2e/calendar-interactions.spec.ts:94:7 › Calendar Interactions E2E › creates a recurring event and displays expanded instances in the calendar grid (retry #1) (1.9s)
  ✘  13 [chromium] › tests/isolation/e2e/payload-encryption-browser.test.ts:308:7 › Web Crypto Browser Tests › should handle Unicode characters correctly (174ms)
   ✓ Compiled / in 406ms (1598 modules)
   GET /api/auth/get-session 200 in 519ms
   GET /api/auth/get-session 200 in 567ms
   GET / 200 in 681ms
   GET /login 200 in 153ms
  ✘  15 [chromium] › tests/isolation/e2e/payload-encryption-browser.test.ts:308:7 › Web Crypto Browser Tests › should handle Unicode characters correctly (retry #1) (184ms)
   ✓ Compiled /api/admin/organizations in 372ms (1621 modules)
  [2026-09-22 10:00:41.995 +0100] [33mWARN[39m: [36mUser is not a member of the platform organization[39m
    [35muserId[39m: "cmucdfk410036p964r04cgq31"
   GET /api/admin/organizations 403 in 622ms
  [2026-09-22 10:00:41.996 +0100] [33mWARN[39m: [36mSuper admin verification failed[39m
    [35muserId[39m: "cmucdfk410036p964r04cgq31"
    [35mstatus[39m: 403
    error: "User is not a member of the platform organization"
  ✘  16 [chromium] › tests/isolation/e2e/payload-encryption-browser.test.ts:319:7 › Web Crypto Browser Tests › should reject decryption with wrong AAD (175ms)
  ✓   1 [chromium] › tests/isolation/e2e/cross-tenant-isolation.spec.ts:45:7 › Cross-Tenant Isolation › OrgA tenant cannot see OrgB members via API (6.5s)
   GET /login 200 in 175ms
   GET /api/auth/get-session 200 in 19ms
  ✘  14 [chromium] › tests/isolation/e2e/calendar-interactions.spec.ts:122:7 › Calendar Interactions E2E › expands rrule-based recurrence correctly across month boundaries (1.4s)
  ✘  18 [chromium] › tests/isolation/e2e/payload-encryption-browser.test.ts:319:7 › Web Crypto Browser Tests › should reject decryption with wrong AAD (retry #1) (183ms)
   GET /api/auth/get-session 200 in 14ms
   GET /login 200 in 43ms
   POST /api/auth/sign-in/email 200 in 124ms
   GET /api/auth/get-session 200 in 46ms
   GET / 200 in 58ms
  ✘  19 [chromium] › tests/isolation/e2e/payload-encryption-browser.test.ts:330:7 › Web Crypto Browser Tests › should import keys from base64url encoding (201ms)
   GET / 200 in 45ms
   GET /api/auth/get-session 200 in 17ms
   GET /api/auth/get-session 200 in 16ms
  ✘  21 [chromium] › tests/isolation/e2e/payload-encryption-browser.test.ts:330:7 › Web Crypto Browser Tests › should import keys from base64url encoding (retry #1) (175ms)
  ✓  17 [chromium] › tests/isolation/e2e/cross-tenant-isolation.spec.ts:60:7 › Cross-Tenant Isolation › OrgA tenant sees only own org data in UI (1.7s)
  ✘  20 [chromium] › tests/isolation/e2e/calendar-interactions.spec.ts:122:7 › Calendar Interactions E2E › expands rrule-based recurrence correctly across month boundaries (retry #1) (858ms)
   GET /login 200 in 36ms
  ✘  23 [chromium] › tests/isolation/e2e/payload-encryption-browser.test.ts:341:7 › Web Crypto Browser Tests › should detect tampered payloads (162ms)
   GET /login 200 in 28ms
   GET /api/auth/get-session 200 in 19ms
   POST /api/auth/sign-in/email 200 in 88ms
   GET / 200 in 49ms
   GET /api/auth/get-session 200 in 34ms
  [2026-09-22 10:00:44.708 +0100] [33mWARN[39m: [36mUser is not a member of the platform organization[39m
    [35muserId[39m: "cmucdfk410036p964r04cgq31"
   GET /api/admin/organizations 403 in 19ms
  [2026-09-22 10:00:44.709 +0100] [33mWARN[39m: [36mSuper admin verification failed[39m
    [35muserId[39m: "cmucdfk410036p964r04cgq31"
    [35mstatus[39m: 403
    error: "User is not a member of the platform organization"
   GET /api/auth/get-session 200 in 13ms
  ✓  22 [chromium] › tests/isolation/e2e/cross-tenant-isolation.spec.ts:75:7 › Cross-Tenant Isolation › OrgA tenant cannot see OrgB via admin routes (964ms)
  ✘  25 [chromium] › tests/isolation/e2e/payload-encryption-browser.test.ts:341:7 › Web Crypto Browser Tests › should detect tampered payloads (retry #1) (183ms)
   GET /login 200 in 29ms
  ✘  24 [chromium] › tests/isolation/e2e/calendar-interactions.spec.ts:168:7 › Calendar Interactions E2E › non-recurring events display as single instances (777ms)
   GET /api/auth/get-session 200 in 19ms
  ✘  27 [chromium] › tests/isolation/e2e/payload-encryption-browser.test.ts:352:7 › Web Crypto Browser Tests › should have all tests pass (160ms)
   GET /login 200 in 42ms
   POST /api/auth/sign-in/email 200 in 91ms
   GET / 200 in 39ms
   GET /api/auth/get-session 200 in 27ms
   GET / 200 in 35ms
   GET /api/auth/get-session 200 in 13ms
  ✘  29 [chromium] › tests/isolation/e2e/payload-encryption-browser.test.ts:352:7 › Web Crypto Browser Tests › should have all tests pass (retry #1) (178ms)
  ✘  28 [chromium] › tests/isolation/e2e/calendar-interactions.spec.ts:168:7 › Calendar Interactions E2E › non-recurring events display as single instances (retry #1) (767ms)
   GET /api/auth/get-session 200 in 20ms
   ✓ Compiled /api/health in 436ms (1623 modules)
  [Redis] Connected
  [HEALTH_CHECK_FAILED] Status: unhealthy | Checks: {"database":{"status":"healthy","latency_ms":62},"cache":{"status":"healthy","latency_ms":83},"connection-pool":{"status":"unhealthy","error":"Connection pool connection failed ()"}}
   GET /api/health 503 in 650ms
   GET /login 200 in 453ms
   GET /login 200 in 268ms
  ✓  26 [chromium] › tests/isolation/e2e/cross-tenant-isolation.spec.ts:90:7 › Cross-Tenant Isolation › tenant context is scoped per request (2.2s)
   GET /login 200 in 35ms
   GET /api/auth/get-session 200 in 107ms
   GET /api/auth/get-session 200 in 124ms
   GET /api/auth/get-session 200 in 18ms
  ✘  31 [chromium] › tests/isolation/e2e/calendar-interactions.spec.ts:208:7 › Calendar Interactions E2E › PATCH with editScope "this" creates override and EXDATEs (1.1s)
   POST /api/auth/sign-in/email 200 in 94ms
   POST /api/auth/sign-in/email 200 in 101ms
   GET / 200 in 49ms
   GET /api/auth/get-session 200 in 41ms
   GET /api/auth/get-session 200 in 31ms
   GET / 200 in 42ms
  [2026-09-22 10:00:47.832 +0100] [33mWARN[39m: [36mUser is not a member of the platform organization[39m
    [35muserId[39m: "cmucdfk410036p964r04cgq31"
   GET /api/admin/organizations 403 in 35ms
  [2026-09-22 10:00:47.833 +0100] [33mWARN[39m: [36mSuper admin verification failed[39m
    [35muserId[39m: "cmucdfk410036p964r04cgq31"
    [35mstatus[39m: 403
    error: "User is not a member of the platform organization"
  [2026-09-22 10:00:47.874 +0100] [33mWARN[39m: [36mUser is not a member of the platform organization[39m
    [35muserId[39m: "cmucdfk65003dp9649r1478px"
   GET /api/admin/organizations 403 in 19ms
  [2026-09-22 10:00:47.874 +0100] [33mWARN[39m: [36mSuper admin verification failed[39m
    [35muserId[39m: "cmucdfk65003dp9649r1478px"
    [35mstatus[39m: 403
    error: "User is not a member of the platform organization"
  ✓  30 [chromium] › tests/isolation/e2e/super-admin-exclusivity.spec.ts:48:7 › Super Admin Exclusivity › tenant user gets 403 on /admin/organizations (1.6s)
  ✓  32 [chromium] › tests/isolation/e2e/cross-tenant-isolation.spec.ts:112:7 › Cross-Tenant Isolation › OrgB tenant cannot see OrgA members via API (985ms)
   GET /login 200 in 54ms
   GET /login 200 in 57ms
   GET /login 200 in 62ms
   GET /api/auth/get-session 200 in 18ms
   GET /api/auth/get-session 200 in 18ms
   GET /api/auth/get-session 200 in 20ms
   POST /api/auth/sign-in/email 200 in 92ms
  ✘  33 [chromium] › tests/isolation/e2e/calendar-interactions.spec.ts:208:7 › Calendar Interactions E2E › PATCH with editScope "this" creates override and EXDATEs (retry #1) (787ms)
   POST /api/auth/sign-in/email 200 in 91ms
   GET / 200 in 41ms
   GET /api/auth/get-session 200 in 40ms
   GET /api/auth/get-session 200 in 43ms
   GET / 200 in 52ms
   ✓ Compiled /api/admin/permissions in 464ms (1626 modules)
  [2026-09-22 10:00:49.803 +0100] [33mWARN[39m: [36mUser is not a member of the platform organization[39m
    [35muserId[39m: "cmucdfk410036p964r04cgq31"
   GET /api/admin/permissions 403 in 896ms
  [2026-09-22 10:00:49.803 +0100] [33mWARN[39m: [36mSuper admin verification failed[39m
    [35muserId[39m: "cmucdfk410036p964r04cgq31"
    [35mstatus[39m: 403
    error: "User is not a member of the platform organization"
   GET /login 200 in 505ms
   GET / 200 in 867ms
  ✓  34 [chromium] › tests/isolation/e2e/super-admin-exclusivity.spec.ts:62:7 › Super Admin Exclusivity › tenant user gets 403 on /admin/permissions (2.0s)
   GET /login 200 in 34ms
   GET /api/auth/get-session 200 in 18ms
   GET /api/auth/get-session 200 in 10ms
   GET /api/auth/get-session 200 in 13ms
  ✓  35 [chromium] › tests/isolation/e2e/cross-tenant-isolation.spec.ts:126:7 › Cross-Tenant Isolation › OrgB tenant sees only own org data in UI (2.5s)
  ✘  36 [chromium] › tests/isolation/e2e/calendar-interactions.spec.ts:249:7 › Calendar Interactions E2E › PATCH with editScope "all" updates the entire series (1.3s)
   GET /login 200 in 40ms
   POST /api/auth/sign-in/email 200 in 94ms
   GET / 200 in 31ms
   GET /api/auth/get-session 200 in 28ms
   ✓ Compiled /api/admin/system-logs in 205ms (1628 modules)
  [2026-09-22 10:00:51.163 +0100] [33mWARN[39m: [36mUser is not a member of the platform organization[39m
    [35muserId[39m: "cmucdfk410036p964r04cgq31"
   GET /api/admin/system-logs 403 in 387ms
  [2026-09-22 10:00:51.163 +0100] [33mWARN[39m: [36mSuper admin verification failed[39m
    [35muserId[39m: "cmucdfk410036p964r04cgq31"
    [35mstatus[39m: 403
    error: "User is not a member of the platform organization"
  ✓  37 [chromium] › tests/isolation/e2e/super-admin-exclusivity.spec.ts:74:7 › Super Admin Exclusivity › tenant user gets 403 on /admin/system-logs (1.3s)
   GET /login 200 in 324ms
   GET /api/auth/get-session 200 in 34ms
   GET /login 200 in 65ms
  [2m2026-09-22T09:00:51.443Z[0m [33mWARN[0m [1m[Better Auth]:[0m User not found
   POST /api/auth/sign-in/email 401 in 135ms
   GET /api/auth/get-session 200 in 12ms
   GET /api/auth/get-session 200 in 11ms
  ✘  39 [chromium] › tests/isolation/e2e/calendar-interactions.spec.ts:249:7 › Calendar Interactions E2E › PATCH with editScope "all" updates the entire series (retry #1) (1.1s)
   POST /api/auth/sign-in/email 200 in 88ms
   GET / 200 in 33ms
   GET /api/auth/get-session 200 in 20ms
   GET / 200 in 33ms
   GET /login 200 in 27ms
   GET /api/auth/get-session 200 in 18ms
  ✓  40 [chromium] › tests/isolation/e2e/super-admin-exclusivity.spec.ts:90:7 › Super Admin Exclusivity › admin nav links are hidden for tenant user (1.5s)
   GET /login 200 in 27ms
   GET /api/auth/get-session 200 in 12ms
  ✘  41 [chromium] › tests/isolation/e2e/calendar-interactions.spec.ts:285:7 › Calendar Interactions E2E › PATCH with editScope "following" terminates base and creates new series (747ms)
   GET /api/auth/get-session 200 in 14ms
  [2m2026-09-22T09:00:53.522Z[0m [33mWARN[0m [1m[Better Auth]:[0m User not found
   POST /api/auth/sign-in/email 401 in 89ms
   GET /login 200 in 26ms
   GET /api/auth/get-session 200 in 13ms
  ✘  43 [chromium] › tests/isolation/e2e/calendar-interactions.spec.ts:285:7 › Calendar Interactions E2E › PATCH with editScope "following" terminates base and creates new series (retry #1) (710ms)
   GET /login 200 in 32ms
   GET /api/auth/get-session 200 in 13ms
  ✘   4 [chromium] › tests/isolation/e2e/payload-encryption-e2e.spec.ts:75:7 › Payload Encryption E2E › key issuance endpoint returns sessionId and required fields (19.7s)
  ✘  44 [chromium] › tests/isolation/e2e/calendar-interactions.spec.ts:334:7 › Calendar Interactions E2E › PATCH without editScope updates in place for recurring event (714ms)
   GET /login 200 in 57ms
   GET /login 200 in 66ms
   GET /api/auth/get-session 200 in 17ms
   GET /api/auth/get-session 200 in 21ms
  ✘  46 [chromium] › tests/isolation/e2e/calendar-interactions.spec.ts:334:7 › Calendar Interactions E2E › PATCH without editScope updates in place for recurring event (retry #1) (755ms)
  [2m2026-09-22T09:00:56.413Z[0m [33mWARN[0m [1m[Better Auth]:[0m User not found
   POST /api/auth/sign-in/email 401 in 78ms
   GET /login 200 in 26ms
   GET /api/auth/get-session 200 in 12ms
  ✘  47 [chromium] › tests/isolation/e2e/calendar-interactions.spec.ts:373:7 › Calendar Interactions E2E › recurrence details are returned in API responses (705ms)
   GET /login 200 in 26ms
   GET /api/auth/get-session 200 in 12ms
  ✘  48 [chromium] › tests/isolation/e2e/calendar-interactions.spec.ts:373:7 › Calendar Interactions E2E › recurrence details are returned in API responses (retry #1) (691ms)
   GET /login 200 in 38ms
   GET /api/auth/get-session 200 in 13ms
  ✘  49 [chromium] › tests/isolation/e2e/calendar-interactions.spec.ts:415:7 › Calendar Interactions E2E › exdates are preserved and returned in API responses (730ms)
   GET /login 200 in 26ms
   GET /api/auth/get-session 200 in 13ms
  ✘  50 [chromium] › tests/isolation/e2e/calendar-interactions.spec.ts:415:7 › Calendar Interactions E2E › exdates are preserved and returned in API responses (retry #1) (688ms)
   GET /login 200 in 30ms
   GET /api/auth/get-session 200 in 13ms
  ✘  51 [chromium] › tests/isolation/e2e/calendar-interactions.spec.ts:446:7 › Calendar Interactions E2E › deleting a recurring event removes it from the calendar (713ms)
   GET /login 200 in 26ms
   GET /api/auth/get-session 200 in 11ms
  ✘  52 [chromium] › tests/isolation/e2e/calendar-interactions.spec.ts:446:7 › Calendar Interactions E2E › deleting a recurring event removes it from the calendar (retry #1) (691ms)
   GET /login 200 in 33ms
   GET /api/auth/get-session 200 in 12ms
  ✘  53 [chromium] › tests/isolation/e2e/calendar-interactions.spec.ts:469:7 › Calendar Interactions E2E › upcoming events API returns expanded recurring instances (694ms)
   GET /login 200 in 27ms
   GET /api/auth/get-session 200 in 20ms
  ✘  54 [chromium] › tests/isolation/e2e/calendar-interactions.spec.ts:469:7 › Calendar Interactions E2E › upcoming events API returns expanded recurring instances (retry #1) (707ms)
  ✘  38 [chromium] › tests/isolation/e2e/super-admin-tenant-access.spec.ts:56:7 › Super Admin Tenant Data Access › super admin can view organizations list including OrgA and OrgB (16.2s)
  [HEALTH_CHECK_FAILED] Status: unhealthy | Checks: {"database":{"status":"healthy","latency_ms":4},"cache":{"status":"healthy","latency_ms":2},"connection-pool":{"status":"unhealthy","error":"Connection pool connection failed ()"}}
  [background-health-check] Database no change: healthy
[background-health-check] Cache no change: healthy
[background-health-check] Connection pool no change: unhealthy
   GET /login 200 in 26ms
   GET /api/auth/get-session 200 in 12ms
  [2m2026-09-22T09:01:07.749Z[0m [33mWARN[0m [1m[Better Auth]:[0m User not found
   POST /api/auth/sign-in/email 401 in 79ms
  ✘  42 [chromium] › tests/isolation/e2e/super-admin-exclusivity.spec.ts:115:7 › Super Admin Exclusivity › super admin can access /admin/organizations (16.1s)
   GET /login 200 in 31ms
   GET /api/auth/get-session 200 in 12ms
  [2m2026-09-22T09:01:09.944Z[0m [33mWARN[0m [1m[Better Auth]:[0m User not found
   POST /api/auth/sign-in/email 401 in 77ms
  ✘  45 [chromium] › tests/isolation/e2e/payload-encryption-e2e.spec.ts:75:7 › Payload Encryption E2E › key issuance endpoint returns sessionId and required fields (retry #1) (16.2s)
   GET /login 200 in 34ms
   GET /api/auth/get-session 200 in 13ms
  [2m2026-09-22T09:01:12.917Z[0m [33mWARN[0m [1m[Better Auth]:[0m User not found
   POST /api/auth/sign-in/email 401 in 78ms
  ✘  55 [chromium] › tests/isolation/e2e/super-admin-tenant-access.spec.ts:56:7 › Super Admin Tenant Data Access › super admin can view organizations list including OrgA and OrgB (retry #1) (16.1s)
   GET /login 200 in 36ms
   GET /api/auth/get-session 200 in 15ms
  [2m2026-09-22T09:01:24.233Z[0m [33mWARN[0m [1m[Better Auth]:[0m User not found
   POST /api/auth/sign-in/email 401 in 78ms
  ✘  56 [chromium] › tests/isolation/e2e/super-admin-exclusivity.spec.ts:115:7 › Super Admin Exclusivity › super admin can access /admin/organizations (retry #1) (16.1s)
   GET /login 200 in 32ms
   GET /api/auth/get-session 200 in 13ms
  [2m2026-09-22T09:01:26.389Z[0m [33mWARN[0m [1m[Better Auth]:[0m User not found
   POST /api/auth/sign-in/email 401 in 77ms
  ✘  57 [chromium] › tests/isolation/e2e/payload-encryption-e2e.spec.ts:117:7 › Payload Encryption E2E › encrypted fetch adds encryption headers and binary body for PII routes (16.2s)
   GET /login 200 in 35ms
   GET /api/auth/get-session 200 in 14ms
  [2m2026-09-22T09:01:29.444Z[0m [33mWARN[0m [1m[Better Auth]:[0m User not found
   POST /api/auth/sign-in/email 401 in 77ms
  [HEALTH_CHECK_FAILED] Status: unhealthy | Checks: {"database":{"status":"healthy","latency_ms":2},"cache":{"status":"healthy","latency_ms":2},"connection-pool":{"status":"unhealthy","error":"Connection pool connection failed ()"}}
  [background-health-check] Database no change: healthy
[background-health-check] Cache no change: healthy
[background-health-check] Connection pool no change: unhealthy
  ✘  58 [chromium] › tests/isolation/e2e/super-admin-tenant-access.spec.ts:73:7 › Super Admin Tenant Data Access › super admin can view OrgA details (16.1s)
   GET /login 200 in 31ms
   GET /api/auth/get-session 200 in 14ms
  [2m2026-09-22T09:01:40.725Z[0m [33mWARN[0m [1m[Better Auth]:[0m User not found
   POST /api/auth/sign-in/email 401 in 78ms
  ✘  59 [chromium] › tests/isolation/e2e/super-admin-exclusivity.spec.ts:123:7 › Super Admin Exclusivity › super admin can access /admin/permissions (16.1s)
   GET /login 200 in 32ms
   GET /api/auth/get-session 200 in 12ms
  [2m2026-09-22T09:01:42.847Z[0m [33mWARN[0m [1m[Better Auth]:[0m User not found
   POST /api/auth/sign-in/email 401 in 81ms
  ✘  60 [chromium] › tests/isolation/e2e/payload-encryption-e2e.spec.ts:117:7 › Payload Encryption E2E › encrypted fetch adds encryption headers and binary body for PII routes (retry #1) (16.2s)
   GET /login 200 in 31ms
   GET /api/auth/get-session 200 in 14ms
  [2m2026-09-22T09:01:45.930Z[0m [33mWARN[0m [1m[Better Auth]:[0m User not found
   POST /api/auth/sign-in/email 401 in 79ms
  ✘  61 [chromium] › tests/isolation/e2e/super-admin-tenant-access.spec.ts:73:7 › Super Admin Tenant Data Access › super admin can view OrgA details (retry #1) (16.1s)
   GET /login 200 in 31ms
   GET /api/auth/get-session 200 in 13ms
  [2m2026-09-22T09:01:57.128Z[0m [33mWARN[0m [1m[Better Auth]:[0m User not found
   POST /api/auth/sign-in/email 401 in 77ms
  ✘  62 [chromium] › tests/isolation/e2e/super-admin-exclusivity.spec.ts:123:7 › Super Admin Exclusivity › super admin can access /admin/permissions (retry #1) (16.1s)
   GET /login 200 in 34ms
   GET /api/auth/get-session 200 in 13ms
  [2m2026-09-22T09:01:59.259Z[0m [33mWARN[0m [1m[Better Auth]:[0m User not found
   POST /api/auth/sign-in/email 401 in 78ms
  ✘  63 [chromium] › tests/isolation/e2e/payload-encryption-e2e.spec.ts:173:7 › Payload Encryption E2E › server returns 400 when encryption headers are missing on PII routes (16.2s)
   GET /login 200 in 36ms
   GET /api/auth/get-session 200 in 13ms
  [2m2026-09-22T09:02:02.419Z[0m [33mWARN[0m [1m[Better Auth]:[0m User not found
   POST /api/auth/sign-in/email 401 in 77ms
  [HEALTH_CHECK_FAILED] Status: unhealthy | Checks: {"database":{"status":"healthy","latency_ms":4},"cache":{"status":"healthy","latency_ms":4},"connection-pool":{"status":"unhealthy","error":"Connection pool connection failed ()"}}
  [background-health-check] Database no change: healthy
[background-health-check] Cache no change: healthy
[background-health-check] Connection pool no change: unhealthy
  ✘  64 [chromium] › tests/isolation/e2e/super-admin-tenant-access.spec.ts:86:7 › Super Admin Tenant Data Access › super admin can view OrgB details (16.1s)
   GET /login 200 in 38ms
   GET /api/auth/get-session 200 in 14ms
  [2m2026-09-22T09:02:13.587Z[0m [33mWARN[0m [1m[Better Auth]:[0m User not found
   POST /api/auth/sign-in/email 401 in 79ms
  ✘  65 [chromium] › tests/isolation/e2e/super-admin-exclusivity.spec.ts:131:7 › Super Admin Exclusivity › super admin can access /admin/system-logs (16.1s)
   GET /login 200 in 31ms
   GET /api/auth/get-session 200 in 14ms
  [2m2026-09-22T09:02:15.708Z[0m [33mWARN[0m [1m[Better Auth]:[0m User not found
   POST /api/auth/sign-in/email 401 in 78ms
  ✘  66 [chromium] › tests/isolation/e2e/payload-encryption-e2e.spec.ts:173:7 › Payload Encryption E2E › server returns 400 when encryption headers are missing on PII routes (retry #1) (16.1s)
   GET /login 200 in 32ms
   GET /api/auth/get-session 200 in 14ms
  [2m2026-09-22T09:02:18.871Z[0m [33mWARN[0m [1m[Better Auth]:[0m User not found
   POST /api/auth/sign-in/email 401 in 77ms
  ✘  67 [chromium] › tests/isolation/e2e/super-admin-tenant-access.spec.ts:86:7 › Super Admin Tenant Data Access › super admin can view OrgB details (retry #1) (16.1s)
   GET /login 200 in 33ms
   GET /api/auth/get-session 200 in 13ms
  [2m2026-09-22T09:02:30.058Z[0m [33mWARN[0m [1m[Better Auth]:[0m User not found
   POST /api/auth/sign-in/email 401 in 80ms
  ✘  68 [chromium] › tests/isolation/e2e/super-admin-exclusivity.spec.ts:131:7 › Super Admin Exclusivity › super admin can access /admin/system-logs (retry #1) (16.1s)
   GET /login 200 in 32ms
   GET /api/auth/get-session 200 in 13ms
  [2m2026-09-22T09:02:32.186Z[0m [33mWARN[0m [1m[Better Auth]:[0m User not found
   POST /api/auth/sign-in/email 401 in 76ms
  ✘  69 [chromium] › tests/isolation/e2e/payload-encryption-e2e.spec.ts:207:7 › Payload Encryption E2E › duplicate request nonce is detected and rejected with 409 (16.1s)
   GET /login 200 in 31ms
   GET /api/auth/get-session 200 in 13ms
  [2m2026-09-22T09:02:35.353Z[0m [33mWARN[0m [1m[Better Auth]:[0m User not found
   POST /api/auth/sign-in/email 401 in 77ms
  [HEALTH_CHECK_FAILED] Status: unhealthy | Checks: {"database":{"status":"healthy","latency_ms":3},"cache":{"status":"healthy","latency_ms":2},"connection-pool":{"status":"unhealthy","error":"Connection pool connection failed ()"}}
  [background-health-check] Database no change: healthy
[background-health-check] Cache no change: healthy
[background-health-check] Connection pool no change: unhealthy
  ✘  70 [chromium] › tests/isolation/e2e/super-admin-tenant-access.spec.ts:103:7 › Super Admin Tenant Data Access › super admin can navigate to OrgA on admin organizations page (16.1s)
   GET /login 200 in 31ms
   GET /api/auth/get-session 200 in 13ms
  [2m2026-09-22T09:02:46.456Z[0m [33mWARN[0m [1m[Better Auth]:[0m User not found
   POST /api/auth/sign-in/email 401 in 77ms
  ✘  71 [chromium] › tests/isolation/e2e/super-admin-exclusivity.spec.ts:139:7 › Super Admin Exclusivity › super admin sees admin nav links (16.1s)
   GET /login 200 in 32ms
   GET /api/auth/get-session 200 in 14ms
  [2m2026-09-22T09:02:48.653Z[0m [33mWARN[0m [1m[Better Auth]:[0m User not found
   POST /api/auth/sign-in/email 401 in 78ms
  ✘  72 [chromium] › tests/isolation/e2e/payload-encryption-e2e.spec.ts:207:7 › Payload Encryption E2E › duplicate request nonce is detected and rejected with 409 (retry #1) (16.1s)
   GET /login 200 in 32ms
   GET /api/auth/get-session 200 in 13ms
  [2m2026-09-22T09:02:51.805Z[0m [33mWARN[0m [1m[Better Auth]:[0m User not found
   POST /api/auth/sign-in/email 401 in 78ms
  ✘  73 [chromium] › tests/isolation/e2e/super-admin-tenant-access.spec.ts:103:7 › Super Admin Tenant Data Access › super admin can navigate to OrgA on admin organizations page (retry #1) (16.1s)
   GET /login 200 in 35ms
   GET /api/auth/get-session 200 in 16ms
  [2m2026-09-22T09:03:02.946Z[0m [33mWARN[0m [1m[Better Auth]:[0m User not found
   POST /api/auth/sign-in/email 401 in 82ms
  ✘  74 [chromium] › tests/isolation/e2e/super-admin-exclusivity.spec.ts:139:7 › Super Admin Exclusivity › super admin sees admin nav links (retry #1) (16.1s)
  [HEALTH_CHECK_FAILED] Status: unhealthy | Checks: {"database":{"status":"healthy","latency_ms":4},"cache":{"status":"healthy","latency_ms":1},"connection-pool":{"status":"unhealthy","error":"Connection pool connection failed ()"}}
  [background-health-check] Database no change: healthy
[background-health-check] Cache no change: healthy
[background-health-check] Connection pool no change: unhealthy
  ✘  75 [chromium] › tests/isolation/e2e/payload-encryption-e2e.spec.ts:276:7 › Payload Encryption E2E › replay cache unavailable returns 503 when headers are present but cache fails (16.1s)
   GET /login 200 in 35ms
   GET /api/auth/get-session 200 in 13ms
  [2m2026-09-22T09:03:08.258Z[0m [33mWARN[0m [1m[Better Auth]:[0m User not found
   POST /api/auth/sign-in/email 401 in 80ms
  ✘  76 [chromium] › tests/isolation/e2e/super-admin-tenant-access.spec.ts:118:7 › Super Admin Tenant Data Access › super admin can view OrgA members via API (16.1s)
   GET /login 200 in 33ms
   GET /api/auth/get-session 200 in 12ms
  [2m2026-09-22T09:03:19.407Z[0m [33mWARN[0m [1m[Better Auth]:[0m User not found
   POST /api/auth/sign-in/email 401 in 80ms
  ✘  77 [chromium] › tests/isolation/e2e/payload-encryption-e2e.spec.ts:276:7 › Payload Encryption E2E › replay cache unavailable returns 503 when headers are present but cache fails (retry #1) (16.1s)
  ✘  78 [chromium] › tests/isolation/e2e/super-admin-tenant-access.spec.ts:118:7 › Super Admin Tenant Data Access › super admin can view OrgA members via API (retry #1) (16.1s)
   GET /login 200 in 28ms
   GET /api/auth/get-session 200 in 13ms
  [2m2026-09-22T09:03:35.858Z[0m [33mWARN[0m [1m[Better Auth]:[0m User not found
   POST /api/auth/sign-in/email 401 in 78ms
  [HEALTH_CHECK_FAILED] Status: unhealthy | Checks: {"database":{"status":"healthy","latency_ms":1},"cache":{"status":"healthy","latency_ms":1},"connection-pool":{"status":"unhealthy","error":"Connection pool connection failed ()"}}
  [background-health-check] Database no change: healthy
[background-health-check] Cache no change: healthy
[background-health-check] Connection pool no change: unhealthy
  ✘  79 [chromium] › tests/isolation/e2e/super-admin-tenant-access.spec.ts:133:7 › Super Admin Tenant Data Access › super admin can view OrgB members via API (16.1s)
   GET /login 200 in 39ms
   GET /api/auth/get-session 200 in 14ms
  [2m2026-09-22T09:03:52.332Z[0m [33mWARN[0m [1m[Better Auth]:[0m User not found
   POST /api/auth/sign-in/email 401 in 81ms
  [HEALTH_CHECK_FAILED] Status: unhealthy | Checks: {"database":{"status":"healthy","latency_ms":4},"cache":{"status":"healthy","latency_ms":2},"connection-pool":{"status":"unhealthy","error":"Connection pool connection failed ()"}}
  [background-health-check] Database no change: healthy
[background-health-check] Cache no change: healthy
[background-health-check] Connection pool no change: unhealthy
  ✘  80 [chromium] › tests/isolation/e2e/super-admin-tenant-access.spec.ts:133:7 › Super Admin Tenant Data Access › super admin can view OrgB members via API (retry #1) (16.1s)
   GET /login 200 in 34ms
   GET /api/auth/get-session 200 in 13ms
  [2m2026-09-22T09:04:08.791Z[0m [33mWARN[0m [1m[Better Auth]:[0m User not found
   POST /api/auth/sign-in/email 401 in 77ms
  ✘  81 [chromium] › tests/isolation/e2e/super-admin-tenant-access.spec.ts:149:7 › Super Admin Tenant Data Access › super admin can access OrgA detail page (16.1s)
   GET /login 200 in 33ms
   GET /api/auth/get-session 200 in 18ms
  [2m2026-09-22T09:04:25.264Z[0m [33mWARN[0m [1m[Better Auth]:[0m User not found
   POST /api/auth/sign-in/email 401 in 80ms
  [HEALTH_CHECK_FAILED] Status: unhealthy | Checks: {"database":{"status":"healthy","latency_ms":3},"cache":{"status":"healthy","latency_ms":2},"connection-pool":{"status":"unhealthy","error":"Connection pool connection failed ()"}}
  [background-health-check] Database no change: healthy
[background-health-check] Cache no change: healthy
[background-health-check] Connection pool no change: unhealthy
  ✘  82 [chromium] › tests/isolation/e2e/super-admin-tenant-access.spec.ts:149:7 › Super Admin Tenant Data Access › super admin can access OrgA detail page (retry #1) (16.1s)
   GET /login 200 in 33ms
   GET /api/auth/get-session 200 in 14ms
  [2m2026-09-22T09:04:41.751Z[0m [33mWARN[0m [1m[Better Auth]:[0m User not found
   POST /api/auth/sign-in/email 401 in 76ms
  ✘  83 [chromium] › tests/isolation/e2e/super-admin-tenant-access.spec.ts:161:7 › Super Admin Tenant Data Access › super admin can access OrgB detail page (16.2s)
   GET /login 200 in 33ms
   GET /api/auth/get-session 200 in 14ms
  [2m2026-09-22T09:04:58.258Z[0m [33mWARN[0m [1m[Better Auth]:[0m User not found
   POST /api/auth/sign-in/email 401 in 77ms
  [HEALTH_CHECK_FAILED] Status: unhealthy | Checks: {"database":{"status":"healthy","latency_ms":6},"cache":{"status":"healthy","latency_ms":1},"connection-pool":{"status":"unhealthy","error":"Connection pool connection failed ()"}}
  [background-health-check] Database no change: healthy
[background-health-check] Cache no change: healthy
[background-health-check] Connection pool no change: unhealthy
  ✘  84 [chromium] › tests/isolation/e2e/super-admin-tenant-access.spec.ts:161:7 › Super Admin Tenant Data Access › super admin can access OrgB detail page (retry #1) (16.1s)
   GET /login 200 in 32ms
   GET /api/auth/get-session 200 in 13ms
  [2m2026-09-22T09:05:14.748Z[0m [33mWARN[0m [1m[Better Auth]:[0m User not found
   POST /api/auth/sign-in/email 401 in 78ms
  ✘  85 [chromium] › tests/isolation/e2e/super-admin-tenant-access.spec.ts:175:7 › Super Admin Tenant Data Access › super admin can access system-health page (16.1s)
   GET /login 200 in 32ms
   GET /api/auth/get-session 200 in 15ms
  [2m2026-09-22T09:05:31.199Z[0m [33mWARN[0m [1m[Better Auth]:[0m User not found
   POST /api/auth/sign-in/email 401 in 79ms
  [HEALTH_CHECK_FAILED] Status: unhealthy | Checks: {"database":{"status":"healthy","latency_ms":4},"cache":{"status":"healthy","latency_ms":1},"connection-pool":{"status":"unhealthy","error":"Connection pool connection failed ()"}}
  [background-health-check] Database no change: healthy
[background-health-check] Cache no change: healthy
[background-health-check] Connection pool no change: unhealthy
  ✘  86 [chromium] › tests/isolation/e2e/super-admin-tenant-access.spec.ts:175:7 › Super Admin Tenant Data Access › super admin can access system-health page (retry #1) (16.1s)
   GET /login 200 in 32ms
   GET /api/auth/get-session 200 in 14ms
  [2m2026-09-22T09:05:47.659Z[0m [33mWARN[0m [1m[Better Auth]:[0m User not found
   POST /api/auth/sign-in/email 401 in 79ms
  ✘  87 [chromium] › tests/isolation/e2e/super-admin-tenant-access.spec.ts:183:7 › Super Admin Tenant Data Access › super admin can access audit-logs page (16.1s)
   GET /login 200 in 32ms
   GET /api/auth/get-session 200 in 16ms
  [2m2026-09-22T09:06:04.127Z[0m [33mWARN[0m [1m[Better Auth]:[0m User not found
   POST /api/auth/sign-in/email 401 in 78ms
  [HEALTH_CHECK_FAILED] Status: unhealthy | Checks: {"database":{"status":"healthy","latency_ms":3},"cache":{"status":"healthy","latency_ms":3},"connection-pool":{"status":"unhealthy","error":"Connection pool connection failed ()"}}
  [background-health-check] Database no change: healthy
[background-health-check] Cache no change: healthy
[background-health-check] Connection pool no change: unhealthy
  ✘  88 [chromium] › tests/isolation/e2e/super-admin-tenant-access.spec.ts:183:7 › Super Admin Tenant Data Access › super admin can access audit-logs page (retry #1) (16.1s)


  1) [chromium] › tests/isolation/e2e/calendar-interactions.spec.ts:94:7 › Calendar Interactions E2E › creates a recurring event and displays expanded instances in the calendar grid 

    Error: expect(locator).toBeVisible() failed

    Locator: locator('h1')
    Expected: visible
    Error: strict mode violation: locator('h1') resolved to 2 elements:
        1) <h1 class="text-[36px] font-bold text-white mb-4">Property NI</h1> aka getByRole('heading', { name: 'Property NI' })
        2) <h1 class="text-2xl font-bold text-[#1e3a5f] mb-8 lg:hidden">Property NI — Login</h1> aka getByText('Property NI — Login')

    Call log:
      - Expect "toBeVisible" locator('h1') with timeout 10000ms
      - waiting for locator('h1')


      16 | async function loginAsTestAdmin(page: any): Promise<void> {
      17 |   await page.goto('/login');
    > 18 |   await expect(page.locator('h1')).toBeVisible({ timeout: 10_000 });
         |                                    ^
      19 |
      20 |   await page.getByLabel('Email').fill(process.env.TEST_TENANT_A_EMAIL || 'tenant-a@example.com');
      21 |   await page.getByLabel('Password').fill(process.env.TEST_TENANT_A_PASSWORD || 'password123');
        at loginAsTestAdmin (/Users/johnlynas/dev/nipp-0807/tests/isolation/e2e/calendar-interactions.spec.ts:18:36)
        at /Users/johnlynas/dev/nipp-0807/tests/isolation/e2e/calendar-interactions.spec.ts:80:5

    attachment #1: screenshot (image/png) ──────────────────────────────────────────────────────────
    test-results/calendar-interactions-Cale-bde69-tances-in-the-calendar-grid-chromium/test-failed-1.png
    ────────────────────────────────────────────────────────────────────────────────────────────────

    attachment #2: video (video/webm) ──────────────────────────────────────────────────────────────
    test-results/calendar-interactions-Cale-bde69-tances-in-the-calendar-grid-chromium/video.webm
    ────────────────────────────────────────────────────────────────────────────────────────────────

    Error Context: test-results/calendar-interactions-Cale-bde69-tances-in-the-calendar-grid-chromium/error-context.md

    attachment #4: trace (application/zip) ─────────────────────────────────────────────────────────
    test-results/calendar-interactions-Cale-bde69-tances-in-the-calendar-grid-chromium/trace.zip
    Usage:

        npx playwright show-trace test-results/calendar-interactions-Cale-bde69-tances-in-the-calendar-grid-chromium/trace.zip

    ────────────────────────────────────────────────────────────────────────────────────────────────

    Retry #1 ───────────────────────────────────────────────────────────────────────────────────────

    Error: expect(locator).toBeVisible() failed

    Locator: locator('h1')
    Expected: visible
    Error: strict mode violation: locator('h1') resolved to 2 elements:
        1) <h1 class="text-[36px] font-bold text-white mb-4">Property NI</h1> aka getByRole('heading', { name: 'Property NI' })
        2) <h1 class="text-2xl font-bold text-[#1e3a5f] mb-8 lg:hidden">Property NI — Login</h1> aka getByText('Property NI — Login')

    Call log:
      - Expect "toBeVisible" locator('h1') with timeout 10000ms
      - waiting for locator('h1')


      16 | async function loginAsTestAdmin(page: any): Promise<void> {
      17 |   await page.goto('/login');
    > 18 |   await expect(page.locator('h1')).toBeVisible({ timeout: 10_000 });
         |                                    ^
      19 |
      20 |   await page.getByLabel('Email').fill(process.env.TEST_TENANT_A_EMAIL || 'tenant-a@example.com');
      21 |   await page.getByLabel('Password').fill(process.env.TEST_TENANT_A_PASSWORD || 'password123');
        at loginAsTestAdmin (/Users/johnlynas/dev/nipp-0807/tests/isolation/e2e/calendar-interactions.spec.ts:18:36)
        at /Users/johnlynas/dev/nipp-0807/tests/isolation/e2e/calendar-interactions.spec.ts:80:5

    attachment #1: screenshot (image/png) ──────────────────────────────────────────────────────────
    test-results/calendar-interactions-Cale-bde69-tances-in-the-calendar-grid-chromium-retry1/test-failed-1.png
    ────────────────────────────────────────────────────────────────────────────────────────────────

    attachment #2: video (video/webm) ──────────────────────────────────────────────────────────────
    test-results/calendar-interactions-Cale-bde69-tances-in-the-calendar-grid-chromium-retry1/video.webm
    ────────────────────────────────────────────────────────────────────────────────────────────────

    Error Context: test-results/calendar-interactions-Cale-bde69-tances-in-the-calendar-grid-chromium-retry1/error-context.md

    attachment #4: trace (application/zip) ─────────────────────────────────────────────────────────
    test-results/calendar-interactions-Cale-bde69-tances-in-the-calendar-grid-chromium-retry1/trace.zip
    Usage:

        npx playwright show-trace test-results/calendar-interactions-Cale-bde69-tances-in-the-calendar-grid-chromium-retry1/trace.zip

    ────────────────────────────────────────────────────────────────────────────────────────────────

  2) [chromium] › tests/isolation/e2e/calendar-interactions.spec.ts:122:7 › Calendar Interactions E2E › expands rrule-based recurrence correctly across month boundaries 

    Error: expect(locator).toBeVisible() failed

    Locator: locator('h1')
    Expected: visible
    Error: strict mode violation: locator('h1') resolved to 2 elements:
        1) <h1 class="text-[36px] font-bold text-white mb-4">Property NI</h1> aka getByRole('heading', { name: 'Property NI' })
        2) <h1 class="text-2xl font-bold text-[#1e3a5f] mb-8 lg:hidden">Property NI — Login</h1> aka getByText('Property NI — Login')

    Call log:
      - Expect "toBeVisible" locator('h1') with timeout 10000ms
      - waiting for locator('h1')


      16 | async function loginAsTestAdmin(page: any): Promise<void> {
      17 |   await page.goto('/login');
    > 18 |   await expect(page.locator('h1')).toBeVisible({ timeout: 10_000 });
         |                                    ^
      19 |
      20 |   await page.getByLabel('Email').fill(process.env.TEST_TENANT_A_EMAIL || 'tenant-a@example.com');
      21 |   await page.getByLabel('Password').fill(process.env.TEST_TENANT_A_PASSWORD || 'password123');
        at loginAsTestAdmin (/Users/johnlynas/dev/nipp-0807/tests/isolation/e2e/calendar-interactions.spec.ts:18:36)
        at /Users/johnlynas/dev/nipp-0807/tests/isolation/e2e/calendar-interactions.spec.ts:80:5

    attachment #1: screenshot (image/png) ──────────────────────────────────────────────────────────
    test-results/calendar-interactions-Cale-5e255-tly-across-month-boundaries-chromium/test-failed-1.png
    ────────────────────────────────────────────────────────────────────────────────────────────────

    attachment #2: video (video/webm) ──────────────────────────────────────────────────────────────
    test-results/calendar-interactions-Cale-5e255-tly-across-month-boundaries-chromium/video.webm
    ────────────────────────────────────────────────────────────────────────────────────────────────

    Error Context: test-results/calendar-interactions-Cale-5e255-tly-across-month-boundaries-chromium/error-context.md

    attachment #4: trace (application/zip) ─────────────────────────────────────────────────────────
    test-results/calendar-interactions-Cale-5e255-tly-across-month-boundaries-chromium/trace.zip
    Usage:

        npx playwright show-trace test-results/calendar-interactions-Cale-5e255-tly-across-month-boundaries-chromium/trace.zip

    ────────────────────────────────────────────────────────────────────────────────────────────────

    Retry #1 ───────────────────────────────────────────────────────────────────────────────────────

    Error: expect(locator).toBeVisible() failed

    Locator: locator('h1')
    Expected: visible
    Error: strict mode violation: locator('h1') resolved to 2 elements:
        1) <h1 class="text-[36px] font-bold text-white mb-4">Property NI</h1> aka getByRole('heading', { name: 'Property NI' })
        2) <h1 class="text-2xl font-bold text-[#1e3a5f] mb-8 lg:hidden">Property NI — Login</h1> aka getByText('Property NI — Login')

    Call log:
      - Expect "toBeVisible" locator('h1') with timeout 10000ms
      - waiting for locator('h1')


      16 | async function loginAsTestAdmin(page: any): Promise<void> {
      17 |   await page.goto('/login');
    > 18 |   await expect(page.locator('h1')).toBeVisible({ timeout: 10_000 });
         |                                    ^
      19 |
      20 |   await page.getByLabel('Email').fill(process.env.TEST_TENANT_A_EMAIL || 'tenant-a@example.com');
      21 |   await page.getByLabel('Password').fill(process.env.TEST_TENANT_A_PASSWORD || 'password123');
        at loginAsTestAdmin (/Users/johnlynas/dev/nipp-0807/tests/isolation/e2e/calendar-interactions.spec.ts:18:36)
        at /Users/johnlynas/dev/nipp-0807/tests/isolation/e2e/calendar-interactions.spec.ts:80:5

    attachment #1: screenshot (image/png) ──────────────────────────────────────────────────────────
    test-results/calendar-interactions-Cale-5e255-tly-across-month-boundaries-chromium-retry1/test-failed-1.png
    ────────────────────────────────────────────────────────────────────────────────────────────────

    attachment #2: video (video/webm) ──────────────────────────────────────────────────────────────
    test-results/calendar-interactions-Cale-5e255-tly-across-month-boundaries-chromium-retry1/video.webm
    ────────────────────────────────────────────────────────────────────────────────────────────────

    Error Context: test-results/calendar-interactions-Cale-5e255-tly-across-month-boundaries-chromium-retry1/error-context.md

    attachment #4: trace (application/zip) ─────────────────────────────────────────────────────────
    test-results/calendar-interactions-Cale-5e255-tly-across-month-boundaries-chromium-retry1/trace.zip
    Usage:

        npx playwright show-trace test-results/calendar-interactions-Cale-5e255-tly-across-month-boundaries-chromium-retry1/trace.zip

    ────────────────────────────────────────────────────────────────────────────────────────────────

  3) [chromium] › tests/isolation/e2e/calendar-interactions.spec.ts:168:7 › Calendar Interactions E2E › non-recurring events display as single instances 

    Error: expect(locator).toBeVisible() failed

    Locator: locator('h1')
    Expected: visible
    Error: strict mode violation: locator('h1') resolved to 2 elements:
        1) <h1 class="text-[36px] font-bold text-white mb-4">Property NI</h1> aka getByRole('heading', { name: 'Property NI' })
        2) <h1 class="text-2xl font-bold text-[#1e3a5f] mb-8 lg:hidden">Property NI — Login</h1> aka getByText('Property NI — Login')

    Call log:
      - Expect "toBeVisible" locator('h1') with timeout 10000ms
      - waiting for locator('h1')


      16 | async function loginAsTestAdmin(page: any): Promise<void> {
      17 |   await page.goto('/login');
    > 18 |   await expect(page.locator('h1')).toBeVisible({ timeout: 10_000 });
         |                                    ^
      19 |
      20 |   await page.getByLabel('Email').fill(process.env.TEST_TENANT_A_EMAIL || 'tenant-a@example.com');
      21 |   await page.getByLabel('Password').fill(process.env.TEST_TENANT_A_PASSWORD || 'password123');
        at loginAsTestAdmin (/Users/johnlynas/dev/nipp-0807/tests/isolation/e2e/calendar-interactions.spec.ts:18:36)
        at /Users/johnlynas/dev/nipp-0807/tests/isolation/e2e/calendar-interactions.spec.ts:80:5

    attachment #1: screenshot (image/png) ──────────────────────────────────────────────────────────
    test-results/calendar-interactions-Cale-4136a-display-as-single-instances-chromium/test-failed-1.png
    ────────────────────────────────────────────────────────────────────────────────────────────────

    attachment #2: video (video/webm) ──────────────────────────────────────────────────────────────
    test-results/calendar-interactions-Cale-4136a-display-as-single-instances-chromium/video.webm
    ────────────────────────────────────────────────────────────────────────────────────────────────

    Error Context: test-results/calendar-interactions-Cale-4136a-display-as-single-instances-chromium/error-context.md

    attachment #4: trace (application/zip) ─────────────────────────────────────────────────────────
    test-results/calendar-interactions-Cale-4136a-display-as-single-instances-chromium/trace.zip
    Usage:

        npx playwright show-trace test-results/calendar-interactions-Cale-4136a-display-as-single-instances-chromium/trace.zip

    ────────────────────────────────────────────────────────────────────────────────────────────────

    Retry #1 ───────────────────────────────────────────────────────────────────────────────────────

    Error: expect(locator).toBeVisible() failed

    Locator: locator('h1')
    Expected: visible
    Error: strict mode violation: locator('h1') resolved to 2 elements:
        1) <h1 class="text-[36px] font-bold text-white mb-4">Property NI</h1> aka getByRole('heading', { name: 'Property NI' })
        2) <h1 class="text-2xl font-bold text-[#1e3a5f] mb-8 lg:hidden">Property NI — Login</h1> aka getByText('Property NI — Login')

    Call log:
      - Expect "toBeVisible" locator('h1') with timeout 10000ms
      - waiting for locator('h1')


      16 | async function loginAsTestAdmin(page: any): Promise<void> {
      17 |   await page.goto('/login');
    > 18 |   await expect(page.locator('h1')).toBeVisible({ timeout: 10_000 });
         |                                    ^
      19 |
      20 |   await page.getByLabel('Email').fill(process.env.TEST_TENANT_A_EMAIL || 'tenant-a@example.com');
      21 |   await page.getByLabel('Password').fill(process.env.TEST_TENANT_A_PASSWORD || 'password123');
        at loginAsTestAdmin (/Users/johnlynas/dev/nipp-0807/tests/isolation/e2e/calendar-interactions.spec.ts:18:36)
        at /Users/johnlynas/dev/nipp-0807/tests/isolation/e2e/calendar-interactions.spec.ts:80:5

    attachment #1: screenshot (image/png) ──────────────────────────────────────────────────────────
    test-results/calendar-interactions-Cale-4136a-display-as-single-instances-chromium-retry1/test-failed-1.png
    ────────────────────────────────────────────────────────────────────────────────────────────────

    attachment #2: video (video/webm) ──────────────────────────────────────────────────────────────
    test-results/calendar-interactions-Cale-4136a-display-as-single-instances-chromium-retry1/video.webm
    ────────────────────────────────────────────────────────────────────────────────────────────────

    Error Context: test-results/calendar-interactions-Cale-4136a-display-as-single-instances-chromium-retry1/error-context.md

    attachment #4: trace (application/zip) ─────────────────────────────────────────────────────────
    test-results/calendar-interactions-Cale-4136a-display-as-single-instances-chromium-retry1/trace.zip
    Usage:

        npx playwright show-trace test-results/calendar-interactions-Cale-4136a-display-as-single-instances-chromium-retry1/trace.zip

    ────────────────────────────────────────────────────────────────────────────────────────────────

  4) [chromium] › tests/isolation/e2e/calendar-interactions.spec.ts:208:7 › Calendar Interactions E2E › PATCH with editScope "this" creates override and EXDATEs 

    Error: expect(locator).toBeVisible() failed

    Locator: locator('h1')
    Expected: visible
    Error: strict mode violation: locator('h1') resolved to 2 elements:
        1) <h1 class="text-[36px] font-bold text-white mb-4">Property NI</h1> aka getByRole('heading', { name: 'Property NI' })
        2) <h1 class="text-2xl font-bold text-[#1e3a5f] mb-8 lg:hidden">Property NI — Login</h1> aka getByText('Property NI — Login')

    Call log:
      - Expect "toBeVisible" locator('h1') with timeout 10000ms
      - waiting for locator('h1')


      16 | async function loginAsTestAdmin(page: any): Promise<void> {
      17 |   await page.goto('/login');
    > 18 |   await expect(page.locator('h1')).toBeVisible({ timeout: 10_000 });
         |                                    ^
      19 |
      20 |   await page.getByLabel('Email').fill(process.env.TEST_TENANT_A_EMAIL || 'tenant-a@example.com');
      21 |   await page.getByLabel('Password').fill(process.env.TEST_TENANT_A_PASSWORD || 'password123');
        at loginAsTestAdmin (/Users/johnlynas/dev/nipp-0807/tests/isolation/e2e/calendar-interactions.spec.ts:18:36)
        at /Users/johnlynas/dev/nipp-0807/tests/isolation/e2e/calendar-interactions.spec.ts:80:5

    attachment #1: screenshot (image/png) ──────────────────────────────────────────────────────────
    test-results/calendar-interactions-Cale-daca8-reates-override-and-EXDATEs-chromium/test-failed-1.png
    ────────────────────────────────────────────────────────────────────────────────────────────────

    attachment #2: video (video/webm) ──────────────────────────────────────────────────────────────
    test-results/calendar-interactions-Cale-daca8-reates-override-and-EXDATEs-chromium/video.webm
    ────────────────────────────────────────────────────────────────────────────────────────────────

    Error Context: test-results/calendar-interactions-Cale-daca8-reates-override-and-EXDATEs-chromium/error-context.md

    attachment #4: trace (application/zip) ─────────────────────────────────────────────────────────
    test-results/calendar-interactions-Cale-daca8-reates-override-and-EXDATEs-chromium/trace.zip
    Usage:

        npx playwright show-trace test-results/calendar-interactions-Cale-daca8-reates-override-and-EXDATEs-chromium/trace.zip

    ────────────────────────────────────────────────────────────────────────────────────────────────

    Retry #1 ───────────────────────────────────────────────────────────────────────────────────────

    Error: expect(locator).toBeVisible() failed

    Locator: locator('h1')
    Expected: visible
    Error: strict mode violation: locator('h1') resolved to 2 elements:
        1) <h1 class="text-[36px] font-bold text-white mb-4">Property NI</h1> aka getByRole('heading', { name: 'Property NI' })
        2) <h1 class="text-2xl font-bold text-[#1e3a5f] mb-8 lg:hidden">Property NI — Login</h1> aka getByText('Property NI — Login')

    Call log:
      - Expect "toBeVisible" locator('h1') with timeout 10000ms
      - waiting for locator('h1')


      16 | async function loginAsTestAdmin(page: any): Promise<void> {
      17 |   await page.goto('/login');
    > 18 |   await expect(page.locator('h1')).toBeVisible({ timeout: 10_000 });
         |                                    ^
      19 |
      20 |   await page.getByLabel('Email').fill(process.env.TEST_TENANT_A_EMAIL || 'tenant-a@example.com');
      21 |   await page.getByLabel('Password').fill(process.env.TEST_TENANT_A_PASSWORD || 'password123');
        at loginAsTestAdmin (/Users/johnlynas/dev/nipp-0807/tests/isolation/e2e/calendar-interactions.spec.ts:18:36)
        at /Users/johnlynas/dev/nipp-0807/tests/isolation/e2e/calendar-interactions.spec.ts:80:5

    attachment #1: screenshot (image/png) ──────────────────────────────────────────────────────────
    test-results/calendar-interactions-Cale-daca8-reates-override-and-EXDATEs-chromium-retry1/test-failed-1.png
    ────────────────────────────────────────────────────────────────────────────────────────────────

    attachment #2: video (video/webm) ──────────────────────────────────────────────────────────────
    test-results/calendar-interactions-Cale-daca8-reates-override-and-EXDATEs-chromium-retry1/video.webm
    ────────────────────────────────────────────────────────────────────────────────────────────────

    Error Context: test-results/calendar-interactions-Cale-daca8-reates-override-and-EXDATEs-chromium-retry1/error-context.md

    attachment #4: trace (application/zip) ─────────────────────────────────────────────────────────
    test-results/calendar-interactions-Cale-daca8-reates-override-and-EXDATEs-chromium-retry1/trace.zip
    Usage:

        npx playwright show-trace test-results/calendar-interactions-Cale-daca8-reates-override-and-EXDATEs-chromium-retry1/trace.zip

    ────────────────────────────────────────────────────────────────────────────────────────────────

  5) [chromium] › tests/isolation/e2e/calendar-interactions.spec.ts:249:7 › Calendar Interactions E2E › PATCH with editScope "all" updates the entire series 

    Error: expect(locator).toBeVisible() failed

    Locator: locator('h1')
    Expected: visible
    Error: strict mode violation: locator('h1') resolved to 2 elements:
        1) <h1 class="text-[36px] font-bold text-white mb-4">Property NI</h1> aka getByRole('heading', { name: 'Property NI' })
        2) <h1 class="text-2xl font-bold text-[#1e3a5f] mb-8 lg:hidden">Property NI — Login</h1> aka getByText('Property NI — Login')

    Call log:
      - Expect "toBeVisible" locator('h1') with timeout 10000ms
      - waiting for locator('h1')


      16 | async function loginAsTestAdmin(page: any): Promise<void> {
      17 |   await page.goto('/login');
    > 18 |   await expect(page.locator('h1')).toBeVisible({ timeout: 10_000 });
         |                                    ^
      19 |
      20 |   await page.getByLabel('Email').fill(process.env.TEST_TENANT_A_EMAIL || 'tenant-a@example.com');
      21 |   await page.getByLabel('Password').fill(process.env.TEST_TENANT_A_PASSWORD || 'password123');
        at loginAsTestAdmin (/Users/johnlynas/dev/nipp-0807/tests/isolation/e2e/calendar-interactions.spec.ts:18:36)
        at /Users/johnlynas/dev/nipp-0807/tests/isolation/e2e/calendar-interactions.spec.ts:80:5

    attachment #1: screenshot (image/png) ──────────────────────────────────────────────────────────
    test-results/calendar-interactions-Cale-92300-l-updates-the-entire-series-chromium/test-failed-1.png
    ────────────────────────────────────────────────────────────────────────────────────────────────

    attachment #2: video (video/webm) ──────────────────────────────────────────────────────────────
    test-results/calendar-interactions-Cale-92300-l-updates-the-entire-series-chromium/video.webm
    ────────────────────────────────────────────────────────────────────────────────────────────────

    Error Context: test-results/calendar-interactions-Cale-92300-l-updates-the-entire-series-chromium/error-context.md

    attachment #4: trace (application/zip) ─────────────────────────────────────────────────────────
    test-results/calendar-interactions-Cale-92300-l-updates-the-entire-series-chromium/trace.zip
    Usage:

        npx playwright show-trace test-results/calendar-interactions-Cale-92300-l-updates-the-entire-series-chromium/trace.zip

    ────────────────────────────────────────────────────────────────────────────────────────────────

    Retry #1 ───────────────────────────────────────────────────────────────────────────────────────

    Error: expect(locator).toBeVisible() failed

    Locator: locator('h1')
    Expected: visible
    Error: strict mode violation: locator('h1') resolved to 2 elements:
        1) <h1 class="text-[36px] font-bold text-white mb-4">Property NI</h1> aka getByRole('heading', { name: 'Property NI' })
        2) <h1 class="text-2xl font-bold text-[#1e3a5f] mb-8 lg:hidden">Property NI — Login</h1> aka getByText('Property NI — Login')

    Call log:
      - Expect "toBeVisible" locator('h1') with timeout 10000ms
      - waiting for locator('h1')


      16 | async function loginAsTestAdmin(page: any): Promise<void> {
      17 |   await page.goto('/login');
    > 18 |   await expect(page.locator('h1')).toBeVisible({ timeout: 10_000 });
         |                                    ^
      19 |
      20 |   await page.getByLabel('Email').fill(process.env.TEST_TENANT_A_EMAIL || 'tenant-a@example.com');
      21 |   await page.getByLabel('Password').fill(process.env.TEST_TENANT_A_PASSWORD || 'password123');
        at loginAsTestAdmin (/Users/johnlynas/dev/nipp-0807/tests/isolation/e2e/calendar-interactions.spec.ts:18:36)
        at /Users/johnlynas/dev/nipp-0807/tests/isolation/e2e/calendar-interactions.spec.ts:80:5

    attachment #1: screenshot (image/png) ──────────────────────────────────────────────────────────
    test-results/calendar-interactions-Cale-92300-l-updates-the-entire-series-chromium-retry1/test-failed-1.png
    ────────────────────────────────────────────────────────────────────────────────────────────────

    attachment #2: video (video/webm) ──────────────────────────────────────────────────────────────
    test-results/calendar-interactions-Cale-92300-l-updates-the-entire-series-chromium-retry1/video.webm
    ────────────────────────────────────────────────────────────────────────────────────────────────

    Error Context: test-results/calendar-interactions-Cale-92300-l-updates-the-entire-series-chromium-retry1/error-context.md

    attachment #4: trace (application/zip) ─────────────────────────────────────────────────────────
    test-results/calendar-interactions-Cale-92300-l-updates-the-entire-series-chromium-retry1/trace.zip
    Usage:

        npx playwright show-trace test-results/calendar-interactions-Cale-92300-l-updates-the-entire-series-chromium-retry1/trace.zip

    ────────────────────────────────────────────────────────────────────────────────────────────────

  6) [chromium] › tests/isolation/e2e/calendar-interactions.spec.ts:285:7 › Calendar Interactions E2E › PATCH with editScope "following" terminates base and creates new series 

    Error: expect(locator).toBeVisible() failed

    Locator: locator('h1')
    Expected: visible
    Error: strict mode violation: locator('h1') resolved to 2 elements:
        1) <h1 class="text-[36px] font-bold text-white mb-4">Property NI</h1> aka getByRole('heading', { name: 'Property NI' })
        2) <h1 class="text-2xl font-bold text-[#1e3a5f] mb-8 lg:hidden">Property NI — Login</h1> aka getByText('Property NI — Login')

    Call log:
      - Expect "toBeVisible" locator('h1') with timeout 10000ms
      - waiting for locator('h1')


      16 | async function loginAsTestAdmin(page: any): Promise<void> {
      17 |   await page.goto('/login');
    > 18 |   await expect(page.locator('h1')).toBeVisible({ timeout: 10_000 });
         |                                    ^
      19 |
      20 |   await page.getByLabel('Email').fill(process.env.TEST_TENANT_A_EMAIL || 'tenant-a@example.com');
      21 |   await page.getByLabel('Password').fill(process.env.TEST_TENANT_A_PASSWORD || 'password123');
        at loginAsTestAdmin (/Users/johnlynas/dev/nipp-0807/tests/isolation/e2e/calendar-interactions.spec.ts:18:36)
        at /Users/johnlynas/dev/nipp-0807/tests/isolation/e2e/calendar-interactions.spec.ts:80:5

    attachment #1: screenshot (image/png) ──────────────────────────────────────────────────────────
    test-results/calendar-interactions-Cale-e94de-base-and-creates-new-series-chromium/test-failed-1.png
    ────────────────────────────────────────────────────────────────────────────────────────────────

    attachment #2: video (video/webm) ──────────────────────────────────────────────────────────────
    test-results/calendar-interactions-Cale-e94de-base-and-creates-new-series-chromium/video.webm
    ────────────────────────────────────────────────────────────────────────────────────────────────

    Error Context: test-results/calendar-interactions-Cale-e94de-base-and-creates-new-series-chromium/error-context.md

    attachment #4: trace (application/zip) ─────────────────────────────────────────────────────────
    test-results/calendar-interactions-Cale-e94de-base-and-creates-new-series-chromium/trace.zip
    Usage:

        npx playwright show-trace test-results/calendar-interactions-Cale-e94de-base-and-creates-new-series-chromium/trace.zip

    ────────────────────────────────────────────────────────────────────────────────────────────────

    Retry #1 ───────────────────────────────────────────────────────────────────────────────────────

    Error: expect(locator).toBeVisible() failed

    Locator: locator('h1')
    Expected: visible
    Error: strict mode violation: locator('h1') resolved to 2 elements:
        1) <h1 class="text-[36px] font-bold text-white mb-4">Property NI</h1> aka getByRole('heading', { name: 'Property NI' })
        2) <h1 class="text-2xl font-bold text-[#1e3a5f] mb-8 lg:hidden">Property NI — Login</h1> aka getByText('Property NI — Login')

    Call log:
      - Expect "toBeVisible" locator('h1') with timeout 10000ms
      - waiting for locator('h1')


      16 | async function loginAsTestAdmin(page: any): Promise<void> {
      17 |   await page.goto('/login');
    > 18 |   await expect(page.locator('h1')).toBeVisible({ timeout: 10_000 });
         |                                    ^
      19 |
      20 |   await page.getByLabel('Email').fill(process.env.TEST_TENANT_A_EMAIL || 'tenant-a@example.com');
      21 |   await page.getByLabel('Password').fill(process.env.TEST_TENANT_A_PASSWORD || 'password123');
        at loginAsTestAdmin (/Users/johnlynas/dev/nipp-0807/tests/isolation/e2e/calendar-interactions.spec.ts:18:36)
        at /Users/johnlynas/dev/nipp-0807/tests/isolation/e2e/calendar-interactions.spec.ts:80:5

    attachment #1: screenshot (image/png) ──────────────────────────────────────────────────────────
    test-results/calendar-interactions-Cale-e94de-base-and-creates-new-series-chromium-retry1/test-failed-1.png
    ────────────────────────────────────────────────────────────────────────────────────────────────

    attachment #2: video (video/webm) ──────────────────────────────────────────────────────────────
    test-results/calendar-interactions-Cale-e94de-base-and-creates-new-series-chromium-retry1/video.webm
    ────────────────────────────────────────────────────────────────────────────────────────────────

    Error Context: test-results/calendar-interactions-Cale-e94de-base-and-creates-new-series-chromium-retry1/error-context.md

    attachment #4: trace (application/zip) ─────────────────────────────────────────────────────────
    test-results/calendar-interactions-Cale-e94de-base-and-creates-new-series-chromium-retry1/trace.zip
    Usage:

        npx playwright show-trace test-results/calendar-interactions-Cale-e94de-base-and-creates-new-series-chromium-retry1/trace.zip

    ────────────────────────────────────────────────────────────────────────────────────────────────

  7) [chromium] › tests/isolation/e2e/calendar-interactions.spec.ts:334:7 › Calendar Interactions E2E › PATCH without editScope updates in place for recurring event 

    Error: expect(locator).toBeVisible() failed

    Locator: locator('h1')
    Expected: visible
    Error: strict mode violation: locator('h1') resolved to 2 elements:
        1) <h1 class="text-[36px] font-bold text-white mb-4">Property NI</h1> aka getByRole('heading', { name: 'Property NI' })
        2) <h1 class="text-2xl font-bold text-[#1e3a5f] mb-8 lg:hidden">Property NI — Login</h1> aka getByText('Property NI — Login')

    Call log:
      - Expect "toBeVisible" locator('h1') with timeout 10000ms
      - waiting for locator('h1')


      16 | async function loginAsTestAdmin(page: any): Promise<void> {
      17 |   await page.goto('/login');
    > 18 |   await expect(page.locator('h1')).toBeVisible({ timeout: 10_000 });
         |                                    ^
      19 |
      20 |   await page.getByLabel('Email').fill(process.env.TEST_TENANT_A_EMAIL || 'tenant-a@example.com');
      21 |   await page.getByLabel('Password').fill(process.env.TEST_TENANT_A_PASSWORD || 'password123');
        at loginAsTestAdmin (/Users/johnlynas/dev/nipp-0807/tests/isolation/e2e/calendar-interactions.spec.ts:18:36)
        at /Users/johnlynas/dev/nipp-0807/tests/isolation/e2e/calendar-interactions.spec.ts:80:5

    attachment #1: screenshot (image/png) ──────────────────────────────────────────────────────────
    test-results/calendar-interactions-Cale-0f1e9-n-place-for-recurring-event-chromium/test-failed-1.png
    ────────────────────────────────────────────────────────────────────────────────────────────────

    attachment #2: video (video/webm) ──────────────────────────────────────────────────────────────
    test-results/calendar-interactions-Cale-0f1e9-n-place-for-recurring-event-chromium/video.webm
    ────────────────────────────────────────────────────────────────────────────────────────────────

    Error Context: test-results/calendar-interactions-Cale-0f1e9-n-place-for-recurring-event-chromium/error-context.md

    attachment #4: trace (application/zip) ─────────────────────────────────────────────────────────
    test-results/calendar-interactions-Cale-0f1e9-n-place-for-recurring-event-chromium/trace.zip
    Usage:

        npx playwright show-trace test-results/calendar-interactions-Cale-0f1e9-n-place-for-recurring-event-chromium/trace.zip

    ────────────────────────────────────────────────────────────────────────────────────────────────

    Retry #1 ───────────────────────────────────────────────────────────────────────────────────────

    Error: expect(locator).toBeVisible() failed

    Locator: locator('h1')
    Expected: visible
    Error: strict mode violation: locator('h1') resolved to 2 elements:
        1) <h1 class="text-[36px] font-bold text-white mb-4">Property NI</h1> aka getByRole('heading', { name: 'Property NI' })
        2) <h1 class="text-2xl font-bold text-[#1e3a5f] mb-8 lg:hidden">Property NI — Login</h1> aka getByText('Property NI — Login')

    Call log:
      - Expect "toBeVisible" locator('h1') with timeout 10000ms
      - waiting for locator('h1')


      16 | async function loginAsTestAdmin(page: any): Promise<void> {
      17 |   await page.goto('/login');
    > 18 |   await expect(page.locator('h1')).toBeVisible({ timeout: 10_000 });
         |                                    ^
      19 |
      20 |   await page.getByLabel('Email').fill(process.env.TEST_TENANT_A_EMAIL || 'tenant-a@example.com');
      21 |   await page.getByLabel('Password').fill(process.env.TEST_TENANT_A_PASSWORD || 'password123');
        at loginAsTestAdmin (/Users/johnlynas/dev/nipp-0807/tests/isolation/e2e/calendar-interactions.spec.ts:18:36)
        at /Users/johnlynas/dev/nipp-0807/tests/isolation/e2e/calendar-interactions.spec.ts:80:5

    attachment #1: screenshot (image/png) ──────────────────────────────────────────────────────────
    test-results/calendar-interactions-Cale-0f1e9-n-place-for-recurring-event-chromium-retry1/test-failed-1.png
    ────────────────────────────────────────────────────────────────────────────────────────────────

    attachment #2: video (video/webm) ──────────────────────────────────────────────────────────────
    test-results/calendar-interactions-Cale-0f1e9-n-place-for-recurring-event-chromium-retry1/video.webm
    ────────────────────────────────────────────────────────────────────────────────────────────────

    Error Context: test-results/calendar-interactions-Cale-0f1e9-n-place-for-recurring-event-chromium-retry1/error-context.md

    attachment #4: trace (application/zip) ─────────────────────────────────────────────────────────
    test-results/calendar-interactions-Cale-0f1e9-n-place-for-recurring-event-chromium-retry1/trace.zip
    Usage:

        npx playwright show-trace test-results/calendar-interactions-Cale-0f1e9-n-place-for-recurring-event-chromium-retry1/trace.zip

    ────────────────────────────────────────────────────────────────────────────────────────────────

  8) [chromium] › tests/isolation/e2e/calendar-interactions.spec.ts:373:7 › Calendar Interactions E2E › recurrence details are returned in API responses 

    Error: expect(locator).toBeVisible() failed

    Locator: locator('h1')
    Expected: visible
    Error: strict mode violation: locator('h1') resolved to 2 elements:
        1) <h1 class="text-[36px] font-bold text-white mb-4">Property NI</h1> aka getByRole('heading', { name: 'Property NI' })
        2) <h1 class="text-2xl font-bold text-[#1e3a5f] mb-8 lg:hidden">Property NI — Login</h1> aka getByText('Property NI — Login')

    Call log:
      - Expect "toBeVisible" locator('h1') with timeout 10000ms
      - waiting for locator('h1')


      16 | async function loginAsTestAdmin(page: any): Promise<void> {
      17 |   await page.goto('/login');
    > 18 |   await expect(page.locator('h1')).toBeVisible({ timeout: 10_000 });
         |                                    ^
      19 |
      20 |   await page.getByLabel('Email').fill(process.env.TEST_TENANT_A_EMAIL || 'tenant-a@example.com');
      21 |   await page.getByLabel('Password').fill(process.env.TEST_TENANT_A_PASSWORD || 'password123');
        at loginAsTestAdmin (/Users/johnlynas/dev/nipp-0807/tests/isolation/e2e/calendar-interactions.spec.ts:18:36)
        at /Users/johnlynas/dev/nipp-0807/tests/isolation/e2e/calendar-interactions.spec.ts:80:5

    attachment #1: screenshot (image/png) ──────────────────────────────────────────────────────────
    test-results/calendar-interactions-Cale-437d7-e-returned-in-API-responses-chromium/test-failed-1.png
    ────────────────────────────────────────────────────────────────────────────────────────────────

    attachment #2: video (video/webm) ──────────────────────────────────────────────────────────────
    test-results/calendar-interactions-Cale-437d7-e-returned-in-API-responses-chromium/video.webm
    ────────────────────────────────────────────────────────────────────────────────────────────────

    Error Context: test-results/calendar-interactions-Cale-437d7-e-returned-in-API-responses-chromium/error-context.md

    attachment #4: trace (application/zip) ─────────────────────────────────────────────────────────
    test-results/calendar-interactions-Cale-437d7-e-returned-in-API-responses-chromium/trace.zip
    Usage:

        npx playwright show-trace test-results/calendar-interactions-Cale-437d7-e-returned-in-API-responses-chromium/trace.zip

    ────────────────────────────────────────────────────────────────────────────────────────────────

    Retry #1 ───────────────────────────────────────────────────────────────────────────────────────

    Error: expect(locator).toBeVisible() failed

    Locator: locator('h1')
    Expected: visible
    Error: strict mode violation: locator('h1') resolved to 2 elements:
        1) <h1 class="text-[36px] font-bold text-white mb-4">Property NI</h1> aka getByRole('heading', { name: 'Property NI' })
        2) <h1 class="text-2xl font-bold text-[#1e3a5f] mb-8 lg:hidden">Property NI — Login</h1> aka getByText('Property NI — Login')

    Call log:
      - Expect "toBeVisible" locator('h1') with timeout 10000ms
      - waiting for locator('h1')


      16 | async function loginAsTestAdmin(page: any): Promise<void> {
      17 |   await page.goto('/login');
    > 18 |   await expect(page.locator('h1')).toBeVisible({ timeout: 10_000 });
         |                                    ^
      19 |
      20 |   await page.getByLabel('Email').fill(process.env.TEST_TENANT_A_EMAIL || 'tenant-a@example.com');
      21 |   await page.getByLabel('Password').fill(process.env.TEST_TENANT_A_PASSWORD || 'password123');
        at loginAsTestAdmin (/Users/johnlynas/dev/nipp-0807/tests/isolation/e2e/calendar-interactions.spec.ts:18:36)
        at /Users/johnlynas/dev/nipp-0807/tests/isolation/e2e/calendar-interactions.spec.ts:80:5

    attachment #1: screenshot (image/png) ──────────────────────────────────────────────────────────
    test-results/calendar-interactions-Cale-437d7-e-returned-in-API-responses-chromium-retry1/test-failed-1.png
    ────────────────────────────────────────────────────────────────────────────────────────────────

    attachment #2: video (video/webm) ──────────────────────────────────────────────────────────────
    test-results/calendar-interactions-Cale-437d7-e-returned-in-API-responses-chromium-retry1/video.webm
    ────────────────────────────────────────────────────────────────────────────────────────────────

    Error Context: test-results/calendar-interactions-Cale-437d7-e-returned-in-API-responses-chromium-retry1/error-context.md

    attachment #4: trace (application/zip) ─────────────────────────────────────────────────────────
    test-results/calendar-interactions-Cale-437d7-e-returned-in-API-responses-chromium-retry1/trace.zip
    Usage:

        npx playwright show-trace test-results/calendar-interactions-Cale-437d7-e-returned-in-API-responses-chromium-retry1/trace.zip

    ────────────────────────────────────────────────────────────────────────────────────────────────

  9) [chromium] › tests/isolation/e2e/calendar-interactions.spec.ts:415:7 › Calendar Interactions E2E › exdates are preserved and returned in API responses 

    Error: expect(locator).toBeVisible() failed

    Locator: locator('h1')
    Expected: visible
    Error: strict mode violation: locator('h1') resolved to 2 elements:
        1) <h1 class="text-[36px] font-bold text-white mb-4">Property NI</h1> aka getByRole('heading', { name: 'Property NI' })
        2) <h1 class="text-2xl font-bold text-[#1e3a5f] mb-8 lg:hidden">Property NI — Login</h1> aka getByText('Property NI — Login')

    Call log:
      - Expect "toBeVisible" locator('h1') with timeout 10000ms
      - waiting for locator('h1')


      16 | async function loginAsTestAdmin(page: any): Promise<void> {
      17 |   await page.goto('/login');
    > 18 |   await expect(page.locator('h1')).toBeVisible({ timeout: 10_000 });
         |                                    ^
      19 |
      20 |   await page.getByLabel('Email').fill(process.env.TEST_TENANT_A_EMAIL || 'tenant-a@example.com');
      21 |   await page.getByLabel('Password').fill(process.env.TEST_TENANT_A_PASSWORD || 'password123');
        at loginAsTestAdmin (/Users/johnlynas/dev/nipp-0807/tests/isolation/e2e/calendar-interactions.spec.ts:18:36)
        at /Users/johnlynas/dev/nipp-0807/tests/isolation/e2e/calendar-interactions.spec.ts:80:5

    attachment #1: screenshot (image/png) ──────────────────────────────────────────────────────────
    test-results/calendar-interactions-Cale-d9ca9-d-returned-in-API-responses-chromium/test-failed-1.png
    ────────────────────────────────────────────────────────────────────────────────────────────────

    attachment #2: video (video/webm) ──────────────────────────────────────────────────────────────
    test-results/calendar-interactions-Cale-d9ca9-d-returned-in-API-responses-chromium/video.webm
    ────────────────────────────────────────────────────────────────────────────────────────────────

    Error Context: test-results/calendar-interactions-Cale-d9ca9-d-returned-in-API-responses-chromium/error-context.md

    attachment #4: trace (application/zip) ─────────────────────────────────────────────────────────
    test-results/calendar-interactions-Cale-d9ca9-d-returned-in-API-responses-chromium/trace.zip
    Usage:

        npx playwright show-trace test-results/calendar-interactions-Cale-d9ca9-d-returned-in-API-responses-chromium/trace.zip

    ────────────────────────────────────────────────────────────────────────────────────────────────

    Retry #1 ───────────────────────────────────────────────────────────────────────────────────────

    Error: expect(locator).toBeVisible() failed

    Locator: locator('h1')
    Expected: visible
    Error: strict mode violation: locator('h1') resolved to 2 elements:
        1) <h1 class="text-[36px] font-bold text-white mb-4">Property NI</h1> aka getByRole('heading', { name: 'Property NI' })
        2) <h1 class="text-2xl font-bold text-[#1e3a5f] mb-8 lg:hidden">Property NI — Login</h1> aka getByText('Property NI — Login')

    Call log:
      - Expect "toBeVisible" locator('h1') with timeout 10000ms
      - waiting for locator('h1')


      16 | async function loginAsTestAdmin(page: any): Promise<void> {
      17 |   await page.goto('/login');
    > 18 |   await expect(page.locator('h1')).toBeVisible({ timeout: 10_000 });
         |                                    ^
      19 |
      20 |   await page.getByLabel('Email').fill(process.env.TEST_TENANT_A_EMAIL || 'tenant-a@example.com');
      21 |   await page.getByLabel('Password').fill(process.env.TEST_TENANT_A_PASSWORD || 'password123');
        at loginAsTestAdmin (/Users/johnlynas/dev/nipp-0807/tests/isolation/e2e/calendar-interactions.spec.ts:18:36)
        at /Users/johnlynas/dev/nipp-0807/tests/isolation/e2e/calendar-interactions.spec.ts:80:5

    attachment #1: screenshot (image/png) ──────────────────────────────────────────────────────────
    test-results/calendar-interactions-Cale-d9ca9-d-returned-in-API-responses-chromium-retry1/test-failed-1.png
    ────────────────────────────────────────────────────────────────────────────────────────────────

    attachment #2: video (video/webm) ──────────────────────────────────────────────────────────────
    test-results/calendar-interactions-Cale-d9ca9-d-returned-in-API-responses-chromium-retry1/video.webm
    ────────────────────────────────────────────────────────────────────────────────────────────────

    Error Context: test-results/calendar-interactions-Cale-d9ca9-d-returned-in-API-responses-chromium-retry1/error-context.md

    attachment #4: trace (application/zip) ─────────────────────────────────────────────────────────
    test-results/calendar-interactions-Cale-d9ca9-d-returned-in-API-responses-chromium-retry1/trace.zip
    Usage:

        npx playwright show-trace test-results/calendar-interactions-Cale-d9ca9-d-returned-in-API-responses-chromium-retry1/trace.zip

    ────────────────────────────────────────────────────────────────────────────────────────────────

  10) [chromium] › tests/isolation/e2e/calendar-interactions.spec.ts:446:7 › Calendar Interactions E2E › deleting a recurring event removes it from the calendar 

    Error: expect(locator).toBeVisible() failed

    Locator: locator('h1')
    Expected: visible
    Error: strict mode violation: locator('h1') resolved to 2 elements:
        1) <h1 class="text-[36px] font-bold text-white mb-4">Property NI</h1> aka getByRole('heading', { name: 'Property NI' })
        2) <h1 class="text-2xl font-bold text-[#1e3a5f] mb-8 lg:hidden">Property NI — Login</h1> aka getByText('Property NI — Login')

    Call log:
      - Expect "toBeVisible" locator('h1') with timeout 10000ms
      - waiting for locator('h1')


      16 | async function loginAsTestAdmin(page: any): Promise<void> {
      17 |   await page.goto('/login');
    > 18 |   await expect(page.locator('h1')).toBeVisible({ timeout: 10_000 });
         |                                    ^
      19 |
      20 |   await page.getByLabel('Email').fill(process.env.TEST_TENANT_A_EMAIL || 'tenant-a@example.com');
      21 |   await page.getByLabel('Password').fill(process.env.TEST_TENANT_A_PASSWORD || 'password123');
        at loginAsTestAdmin (/Users/johnlynas/dev/nipp-0807/tests/isolation/e2e/calendar-interactions.spec.ts:18:36)
        at /Users/johnlynas/dev/nipp-0807/tests/isolation/e2e/calendar-interactions.spec.ts:80:5

    attachment #1: screenshot (image/png) ──────────────────────────────────────────────────────────
    test-results/calendar-interactions-Cale-3f953-emoves-it-from-the-calendar-chromium/test-failed-1.png
    ────────────────────────────────────────────────────────────────────────────────────────────────

    attachment #2: video (video/webm) ──────────────────────────────────────────────────────────────
    test-results/calendar-interactions-Cale-3f953-emoves-it-from-the-calendar-chromium/video.webm
    ────────────────────────────────────────────────────────────────────────────────────────────────

    Error Context: test-results/calendar-interactions-Cale-3f953-emoves-it-from-the-calendar-chromium/error-context.md

    attachment #4: trace (application/zip) ─────────────────────────────────────────────────────────
    test-results/calendar-interactions-Cale-3f953-emoves-it-from-the-calendar-chromium/trace.zip
    Usage:

        npx playwright show-trace test-results/calendar-interactions-Cale-3f953-emoves-it-from-the-calendar-chromium/trace.zip

    ────────────────────────────────────────────────────────────────────────────────────────────────

    Retry #1 ───────────────────────────────────────────────────────────────────────────────────────

    Error: expect(locator).toBeVisible() failed

    Locator: locator('h1')
    Expected: visible
    Error: strict mode violation: locator('h1') resolved to 2 elements:
        1) <h1 class="text-[36px] font-bold text-white mb-4">Property NI</h1> aka getByRole('heading', { name: 'Property NI' })
        2) <h1 class="text-2xl font-bold text-[#1e3a5f] mb-8 lg:hidden">Property NI — Login</h1> aka getByText('Property NI — Login')

    Call log:
      - Expect "toBeVisible" locator('h1') with timeout 10000ms
      - waiting for locator('h1')


      16 | async function loginAsTestAdmin(page: any): Promise<void> {
      17 |   await page.goto('/login');
    > 18 |   await expect(page.locator('h1')).toBeVisible({ timeout: 10_000 });
         |                                    ^
      19 |
      20 |   await page.getByLabel('Email').fill(process.env.TEST_TENANT_A_EMAIL || 'tenant-a@example.com');
      21 |   await page.getByLabel('Password').fill(process.env.TEST_TENANT_A_PASSWORD || 'password123');
        at loginAsTestAdmin (/Users/johnlynas/dev/nipp-0807/tests/isolation/e2e/calendar-interactions.spec.ts:18:36)
        at /Users/johnlynas/dev/nipp-0807/tests/isolation/e2e/calendar-interactions.spec.ts:80:5

    attachment #1: screenshot (image/png) ──────────────────────────────────────────────────────────
    test-results/calendar-interactions-Cale-3f953-emoves-it-from-the-calendar-chromium-retry1/test-failed-1.png
    ────────────────────────────────────────────────────────────────────────────────────────────────

    attachment #2: video (video/webm) ──────────────────────────────────────────────────────────────
    test-results/calendar-interactions-Cale-3f953-emoves-it-from-the-calendar-chromium-retry1/video.webm
    ────────────────────────────────────────────────────────────────────────────────────────────────

    Error Context: test-results/calendar-interactions-Cale-3f953-emoves-it-from-the-calendar-chromium-retry1/error-context.md

    attachment #4: trace (application/zip) ─────────────────────────────────────────────────────────
    test-results/calendar-interactions-Cale-3f953-emoves-it-from-the-calendar-chromium-retry1/trace.zip
    Usage:

        npx playwright show-trace test-results/calendar-interactions-Cale-3f953-emoves-it-from-the-calendar-chromium-retry1/trace.zip

    ────────────────────────────────────────────────────────────────────────────────────────────────

  11) [chromium] › tests/isolation/e2e/calendar-interactions.spec.ts:469:7 › Calendar Interactions E2E › upcoming events API returns expanded recurring instances 

    Error: expect(locator).toBeVisible() failed

    Locator: locator('h1')
    Expected: visible
    Error: strict mode violation: locator('h1') resolved to 2 elements:
        1) <h1 class="text-[36px] font-bold text-white mb-4">Property NI</h1> aka getByRole('heading', { name: 'Property NI' })
        2) <h1 class="text-2xl font-bold text-[#1e3a5f] mb-8 lg:hidden">Property NI — Login</h1> aka getByText('Property NI — Login')

    Call log:
      - Expect "toBeVisible" locator('h1') with timeout 10000ms
      - waiting for locator('h1')


      16 | async function loginAsTestAdmin(page: any): Promise<void> {
      17 |   await page.goto('/login');
    > 18 |   await expect(page.locator('h1')).toBeVisible({ timeout: 10_000 });
         |                                    ^
      19 |
      20 |   await page.getByLabel('Email').fill(process.env.TEST_TENANT_A_EMAIL || 'tenant-a@example.com');
      21 |   await page.getByLabel('Password').fill(process.env.TEST_TENANT_A_PASSWORD || 'password123');
        at loginAsTestAdmin (/Users/johnlynas/dev/nipp-0807/tests/isolation/e2e/calendar-interactions.spec.ts:18:36)
        at /Users/johnlynas/dev/nipp-0807/tests/isolation/e2e/calendar-interactions.spec.ts:80:5

    attachment #1: screenshot (image/png) ──────────────────────────────────────────────────────────
    test-results/calendar-interactions-Cale-f6fbd-xpanded-recurring-instances-chromium/test-failed-1.png
    ────────────────────────────────────────────────────────────────────────────────────────────────

    attachment #2: video (video/webm) ──────────────────────────────────────────────────────────────
    test-results/calendar-interactions-Cale-f6fbd-xpanded-recurring-instances-chromium/video.webm
    ────────────────────────────────────────────────────────────────────────────────────────────────

    Error Context: test-results/calendar-interactions-Cale-f6fbd-xpanded-recurring-instances-chromium/error-context.md

    attachment #4: trace (application/zip) ─────────────────────────────────────────────────────────
    test-results/calendar-interactions-Cale-f6fbd-xpanded-recurring-instances-chromium/trace.zip
    Usage:

        npx playwright show-trace test-results/calendar-interactions-Cale-f6fbd-xpanded-recurring-instances-chromium/trace.zip

    ────────────────────────────────────────────────────────────────────────────────────────────────

    Retry #1 ───────────────────────────────────────────────────────────────────────────────────────

    Error: expect(locator).toBeVisible() failed

    Locator: locator('h1')
    Expected: visible
    Error: strict mode violation: locator('h1') resolved to 2 elements:
        1) <h1 class="text-[36px] font-bold text-white mb-4">Property NI</h1> aka getByRole('heading', { name: 'Property NI' })
        2) <h1 class="text-2xl font-bold text-[#1e3a5f] mb-8 lg:hidden">Property NI — Login</h1> aka getByText('Property NI — Login')

    Call log:
      - Expect "toBeVisible" locator('h1') with timeout 10000ms
      - waiting for locator('h1')


      16 | async function loginAsTestAdmin(page: any): Promise<void> {
      17 |   await page.goto('/login');
    > 18 |   await expect(page.locator('h1')).toBeVisible({ timeout: 10_000 });
         |                                    ^
      19 |
      20 |   await page.getByLabel('Email').fill(process.env.TEST_TENANT_A_EMAIL || 'tenant-a@example.com');
      21 |   await page.getByLabel('Password').fill(process.env.TEST_TENANT_A_PASSWORD || 'password123');
        at loginAsTestAdmin (/Users/johnlynas/dev/nipp-0807/tests/isolation/e2e/calendar-interactions.spec.ts:18:36)
        at /Users/johnlynas/dev/nipp-0807/tests/isolation/e2e/calendar-interactions.spec.ts:80:5

    attachment #1: screenshot (image/png) ──────────────────────────────────────────────────────────
    test-results/calendar-interactions-Cale-f6fbd-xpanded-recurring-instances-chromium-retry1/test-failed-1.png
    ────────────────────────────────────────────────────────────────────────────────────────────────

    attachment #2: video (video/webm) ──────────────────────────────────────────────────────────────
    test-results/calendar-interactions-Cale-f6fbd-xpanded-recurring-instances-chromium-retry1/video.webm
    ────────────────────────────────────────────────────────────────────────────────────────────────

    Error Context: test-results/calendar-interactions-Cale-f6fbd-xpanded-recurring-instances-chromium-retry1/error-context.md

    attachment #4: trace (application/zip) ─────────────────────────────────────────────────────────
    test-results/calendar-interactions-Cale-f6fbd-xpanded-recurring-instances-chromium-retry1/trace.zip
    Usage:

        npx playwright show-trace test-results/calendar-interactions-Cale-f6fbd-xpanded-recurring-instances-chromium-retry1/trace.zip

    ────────────────────────────────────────────────────────────────────────────────────────────────

  12) [chromium] › tests/isolation/e2e/payload-encryption-browser.test.ts:263:7 › Web Crypto Browser Tests › should have Web Crypto available in browser context 

    Error: expect(received).toBe(expected) // Object.is equality

    Expected: true
    Received: false

      269 |
      270 |     expect(webCryptoTest).toBeDefined();
    > 271 |     expect(webCryptoTest.pass).toBe(true);
          |                                ^
      272 |   });
      273 |
      274 |   test('should be in a secure context', async ({ page }) => {
        at /Users/johnlynas/dev/nipp-0807/tests/isolation/e2e/payload-encryption-browser.test.ts:271:32

    attachment #1: screenshot (image/png) ──────────────────────────────────────────────────────────
    test-results/payload-encryption-browser-5dc18-vailable-in-browser-context-chromium/test-failed-1.png
    ────────────────────────────────────────────────────────────────────────────────────────────────

    attachment #2: video (video/webm) ──────────────────────────────────────────────────────────────
    test-results/payload-encryption-browser-5dc18-vailable-in-browser-context-chromium/video.webm
    ────────────────────────────────────────────────────────────────────────────────────────────────

    Error Context: test-results/payload-encryption-browser-5dc18-vailable-in-browser-context-chromium/error-context.md

    attachment #4: trace (application/zip) ─────────────────────────────────────────────────────────
    test-results/payload-encryption-browser-5dc18-vailable-in-browser-context-chromium/trace.zip
    Usage:

        npx playwright show-trace test-results/payload-encryption-browser-5dc18-vailable-in-browser-context-chromium/trace.zip

    ────────────────────────────────────────────────────────────────────────────────────────────────

    Retry #1 ───────────────────────────────────────────────────────────────────────────────────────

    Error: expect(received).toBe(expected) // Object.is equality

    Expected: true
    Received: false

      269 |
      270 |     expect(webCryptoTest).toBeDefined();
    > 271 |     expect(webCryptoTest.pass).toBe(true);
          |                                ^
      272 |   });
      273 |
      274 |   test('should be in a secure context', async ({ page }) => {
        at /Users/johnlynas/dev/nipp-0807/tests/isolation/e2e/payload-encryption-browser.test.ts:271:32

    attachment #1: screenshot (image/png) ──────────────────────────────────────────────────────────
    test-results/payload-encryption-browser-5dc18-vailable-in-browser-context-chromium-retry1/test-failed-1.png
    ────────────────────────────────────────────────────────────────────────────────────────────────

    attachment #2: video (video/webm) ──────────────────────────────────────────────────────────────
    test-results/payload-encryption-browser-5dc18-vailable-in-browser-context-chromium-retry1/video.webm
    ────────────────────────────────────────────────────────────────────────────────────────────────

    Error Context: test-results/payload-encryption-browser-5dc18-vailable-in-browser-context-chromium-retry1/error-context.md

    attachment #4: trace (application/zip) ─────────────────────────────────────────────────────────
    test-results/payload-encryption-browser-5dc18-vailable-in-browser-context-chromium-retry1/trace.zip
    Usage:

        npx playwright show-trace test-results/payload-encryption-browser-5dc18-vailable-in-browser-context-chromium-retry1/trace.zip

    ────────────────────────────────────────────────────────────────────────────────────────────────

  13) [chromium] › tests/isolation/e2e/payload-encryption-browser.test.ts:274:7 › Web Crypto Browser Tests › should be in a secure context 

    Error: expect(received).toBe(expected) // Object.is equality

    Expected: true
    Received: false

      281 |     expect(secureContextTest).toBeDefined();
      282 |     // In Playwright, we're in a secure context (localhost)
    > 283 |     expect(secureContextTest.pass).toBe(true);
          |                                    ^
      284 |   });
      285 |
      286 |   test('should generate AES-GCM keys successfully', async ({ page }) => {
        at /Users/johnlynas/dev/nipp-0807/tests/isolation/e2e/payload-encryption-browser.test.ts:283:36

    attachment #1: screenshot (image/png) ──────────────────────────────────────────────────────────
    test-results/payload-encryption-browser-c1905-ould-be-in-a-secure-context-chromium/test-failed-1.png
    ────────────────────────────────────────────────────────────────────────────────────────────────

    attachment #2: video (video/webm) ──────────────────────────────────────────────────────────────
    test-results/payload-encryption-browser-c1905-ould-be-in-a-secure-context-chromium/video.webm
    ────────────────────────────────────────────────────────────────────────────────────────────────

    Error Context: test-results/payload-encryption-browser-c1905-ould-be-in-a-secure-context-chromium/error-context.md

    attachment #4: trace (application/zip) ─────────────────────────────────────────────────────────
    test-results/payload-encryption-browser-c1905-ould-be-in-a-secure-context-chromium/trace.zip
    Usage:

        npx playwright show-trace test-results/payload-encryption-browser-c1905-ould-be-in-a-secure-context-chromium/trace.zip

    ────────────────────────────────────────────────────────────────────────────────────────────────

    Retry #1 ───────────────────────────────────────────────────────────────────────────────────────

    Error: expect(received).toBe(expected) // Object.is equality

    Expected: true
    Received: false

      281 |     expect(secureContextTest).toBeDefined();
      282 |     // In Playwright, we're in a secure context (localhost)
    > 283 |     expect(secureContextTest.pass).toBe(true);
          |                                    ^
      284 |   });
      285 |
      286 |   test('should generate AES-GCM keys successfully', async ({ page }) => {
        at /Users/johnlynas/dev/nipp-0807/tests/isolation/e2e/payload-encryption-browser.test.ts:283:36

    attachment #1: screenshot (image/png) ──────────────────────────────────────────────────────────
    test-results/payload-encryption-browser-c1905-ould-be-in-a-secure-context-chromium-retry1/test-failed-1.png
    ────────────────────────────────────────────────────────────────────────────────────────────────

    attachment #2: video (video/webm) ──────────────────────────────────────────────────────────────
    test-results/payload-encryption-browser-c1905-ould-be-in-a-secure-context-chromium-retry1/video.webm
    ────────────────────────────────────────────────────────────────────────────────────────────────

    Error Context: test-results/payload-encryption-browser-c1905-ould-be-in-a-secure-context-chromium-retry1/error-context.md

    attachment #4: trace (application/zip) ─────────────────────────────────────────────────────────
    test-results/payload-encryption-browser-c1905-ould-be-in-a-secure-context-chromium-retry1/trace.zip
    Usage:

        npx playwright show-trace test-results/payload-encryption-browser-c1905-ould-be-in-a-secure-context-chromium-retry1/trace.zip

    ────────────────────────────────────────────────────────────────────────────────────────────────

  14) [chromium] › tests/isolation/e2e/payload-encryption-browser.test.ts:286:7 › Web Crypto Browser Tests › should generate AES-GCM keys successfully 

    Error: expect(received).toBe(expected) // Object.is equality

    Expected: true
    Received: false

      292 |
      293 |     expect(keyGenTest).toBeDefined();
    > 294 |     expect(keyGenTest.pass).toBe(true);
          |                             ^
      295 |   });
      296 |
      297 |   test('should encrypt and decrypt JSON payloads', async ({ page }) => {
        at /Users/johnlynas/dev/nipp-0807/tests/isolation/e2e/payload-encryption-browser.test.ts:294:29

    attachment #1: screenshot (image/png) ──────────────────────────────────────────────────────────
    test-results/payload-encryption-browser-193ae-e-AES-GCM-keys-successfully-chromium/test-failed-1.png
    ────────────────────────────────────────────────────────────────────────────────────────────────

    attachment #2: video (video/webm) ──────────────────────────────────────────────────────────────
    test-results/payload-encryption-browser-193ae-e-AES-GCM-keys-successfully-chromium/video.webm
    ────────────────────────────────────────────────────────────────────────────────────────────────

    Error Context: test-results/payload-encryption-browser-193ae-e-AES-GCM-keys-successfully-chromium/error-context.md

    attachment #4: trace (application/zip) ─────────────────────────────────────────────────────────
    test-results/payload-encryption-browser-193ae-e-AES-GCM-keys-successfully-chromium/trace.zip
    Usage:

        npx playwright show-trace test-results/payload-encryption-browser-193ae-e-AES-GCM-keys-successfully-chromium/trace.zip

    ────────────────────────────────────────────────────────────────────────────────────────────────

    Retry #1 ───────────────────────────────────────────────────────────────────────────────────────

    Error: expect(received).toBe(expected) // Object.is equality

    Expected: true
    Received: false

      292 |
      293 |     expect(keyGenTest).toBeDefined();
    > 294 |     expect(keyGenTest.pass).toBe(true);
          |                             ^
      295 |   });
      296 |
      297 |   test('should encrypt and decrypt JSON payloads', async ({ page }) => {
        at /Users/johnlynas/dev/nipp-0807/tests/isolation/e2e/payload-encryption-browser.test.ts:294:29

    attachment #1: screenshot (image/png) ──────────────────────────────────────────────────────────
    test-results/payload-encryption-browser-193ae-e-AES-GCM-keys-successfully-chromium-retry1/test-failed-1.png
    ────────────────────────────────────────────────────────────────────────────────────────────────

    attachment #2: video (video/webm) ──────────────────────────────────────────────────────────────
    test-results/payload-encryption-browser-193ae-e-AES-GCM-keys-successfully-chromium-retry1/video.webm
    ────────────────────────────────────────────────────────────────────────────────────────────────

    Error Context: test-results/payload-encryption-browser-193ae-e-AES-GCM-keys-successfully-chromium-retry1/error-context.md

    attachment #4: trace (application/zip) ─────────────────────────────────────────────────────────
    test-results/payload-encryption-browser-193ae-e-AES-GCM-keys-successfully-chromium-retry1/trace.zip
    Usage:

        npx playwright show-trace test-results/payload-encryption-browser-193ae-e-AES-GCM-keys-successfully-chromium-retry1/trace.zip

    ────────────────────────────────────────────────────────────────────────────────────────────────

  15) [chromium] › tests/isolation/e2e/payload-encryption-browser.test.ts:297:7 › Web Crypto Browser Tests › should encrypt and decrypt JSON payloads 

    Error: expect(received).toBe(expected) // Object.is equality

    Expected: true
    Received: false

      303 |
      304 |     expect(roundtripTest).toBeDefined();
    > 305 |     expect(roundtripTest.pass).toBe(true);
          |                                ^
      306 |   });
      307 |
      308 |   test('should handle Unicode characters correctly', async ({ page }) => {
        at /Users/johnlynas/dev/nipp-0807/tests/isolation/e2e/payload-encryption-browser.test.ts:305:32

    attachment #1: screenshot (image/png) ──────────────────────────────────────────────────────────
    test-results/payload-encryption-browser-9d0d9-t-and-decrypt-JSON-payloads-chromium/test-failed-1.png
    ────────────────────────────────────────────────────────────────────────────────────────────────

    attachment #2: video (video/webm) ──────────────────────────────────────────────────────────────
    test-results/payload-encryption-browser-9d0d9-t-and-decrypt-JSON-payloads-chromium/video.webm
    ────────────────────────────────────────────────────────────────────────────────────────────────

    Error Context: test-results/payload-encryption-browser-9d0d9-t-and-decrypt-JSON-payloads-chromium/error-context.md

    attachment #4: trace (application/zip) ─────────────────────────────────────────────────────────
    test-results/payload-encryption-browser-9d0d9-t-and-decrypt-JSON-payloads-chromium/trace.zip
    Usage:

        npx playwright show-trace test-results/payload-encryption-browser-9d0d9-t-and-decrypt-JSON-payloads-chromium/trace.zip

    ────────────────────────────────────────────────────────────────────────────────────────────────

    Retry #1 ───────────────────────────────────────────────────────────────────────────────────────

    Error: expect(received).toBe(expected) // Object.is equality

    Expected: true
    Received: false

      303 |
      304 |     expect(roundtripTest).toBeDefined();
    > 305 |     expect(roundtripTest.pass).toBe(true);
          |                                ^
      306 |   });
      307 |
      308 |   test('should handle Unicode characters correctly', async ({ page }) => {
        at /Users/johnlynas/dev/nipp-0807/tests/isolation/e2e/payload-encryption-browser.test.ts:305:32

    attachment #1: screenshot (image/png) ──────────────────────────────────────────────────────────
    test-results/payload-encryption-browser-9d0d9-t-and-decrypt-JSON-payloads-chromium-retry1/test-failed-1.png
    ────────────────────────────────────────────────────────────────────────────────────────────────

    attachment #2: video (video/webm) ──────────────────────────────────────────────────────────────
    test-results/payload-encryption-browser-9d0d9-t-and-decrypt-JSON-payloads-chromium-retry1/video.webm
    ────────────────────────────────────────────────────────────────────────────────────────────────

    Error Context: test-results/payload-encryption-browser-9d0d9-t-and-decrypt-JSON-payloads-chromium-retry1/error-context.md

    attachment #4: trace (application/zip) ─────────────────────────────────────────────────────────
    test-results/payload-encryption-browser-9d0d9-t-and-decrypt-JSON-payloads-chromium-retry1/trace.zip
    Usage:

        npx playwright show-trace test-results/payload-encryption-browser-9d0d9-t-and-decrypt-JSON-payloads-chromium-retry1/trace.zip

    ────────────────────────────────────────────────────────────────────────────────────────────────

  16) [chromium] › tests/isolation/e2e/payload-encryption-browser.test.ts:308:7 › Web Crypto Browser Tests › should handle Unicode characters correctly 

    Error: expect(received).toBe(expected) // Object.is equality

    Expected: true
    Received: false

      314 |
      315 |     expect(unicodeTest).toBeDefined();
    > 316 |     expect(unicodeTest.pass).toBe(true);
          |                              ^
      317 |   });
      318 |
      319 |   test('should reject decryption with wrong AAD', async ({ page }) => {
        at /Users/johnlynas/dev/nipp-0807/tests/isolation/e2e/payload-encryption-browser.test.ts:316:30

    attachment #1: screenshot (image/png) ──────────────────────────────────────────────────────────
    test-results/payload-encryption-browser-e29af-nicode-characters-correctly-chromium/test-failed-1.png
    ────────────────────────────────────────────────────────────────────────────────────────────────

    attachment #2: video (video/webm) ──────────────────────────────────────────────────────────────
    test-results/payload-encryption-browser-e29af-nicode-characters-correctly-chromium/video.webm
    ────────────────────────────────────────────────────────────────────────────────────────────────

    Error Context: test-results/payload-encryption-browser-e29af-nicode-characters-correctly-chromium/error-context.md

    attachment #4: trace (application/zip) ─────────────────────────────────────────────────────────
    test-results/payload-encryption-browser-e29af-nicode-characters-correctly-chromium/trace.zip
    Usage:

        npx playwright show-trace test-results/payload-encryption-browser-e29af-nicode-characters-correctly-chromium/trace.zip

    ────────────────────────────────────────────────────────────────────────────────────────────────

    Retry #1 ───────────────────────────────────────────────────────────────────────────────────────

    Error: expect(received).toBe(expected) // Object.is equality

    Expected: true
    Received: false

      314 |
      315 |     expect(unicodeTest).toBeDefined();
    > 316 |     expect(unicodeTest.pass).toBe(true);
          |                              ^
      317 |   });
      318 |
      319 |   test('should reject decryption with wrong AAD', async ({ page }) => {
        at /Users/johnlynas/dev/nipp-0807/tests/isolation/e2e/payload-encryption-browser.test.ts:316:30

    attachment #1: screenshot (image/png) ──────────────────────────────────────────────────────────
    test-results/payload-encryption-browser-e29af-nicode-characters-correctly-chromium-retry1/test-failed-1.png
    ────────────────────────────────────────────────────────────────────────────────────────────────

    attachment #2: video (video/webm) ──────────────────────────────────────────────────────────────
    test-results/payload-encryption-browser-e29af-nicode-characters-correctly-chromium-retry1/video.webm
    ────────────────────────────────────────────────────────────────────────────────────────────────

    Error Context: test-results/payload-encryption-browser-e29af-nicode-characters-correctly-chromium-retry1/error-context.md

    attachment #4: trace (application/zip) ─────────────────────────────────────────────────────────
    test-results/payload-encryption-browser-e29af-nicode-characters-correctly-chromium-retry1/trace.zip
    Usage:

        npx playwright show-trace test-results/payload-encryption-browser-e29af-nicode-characters-correctly-chromium-retry1/trace.zip

    ────────────────────────────────────────────────────────────────────────────────────────────────

  17) [chromium] › tests/isolation/e2e/payload-encryption-browser.test.ts:319:7 › Web Crypto Browser Tests › should reject decryption with wrong AAD 

    Error: expect(received).toBe(expected) // Object.is equality

    Expected: true
    Received: false

      325 |
      326 |     expect(aadTest).toBeDefined();
    > 327 |     expect(aadTest.pass).toBe(true);
          |                          ^
      328 |   });
      329 |
      330 |   test('should import keys from base64url encoding', async ({ page }) => {
        at /Users/johnlynas/dev/nipp-0807/tests/isolation/e2e/payload-encryption-browser.test.ts:327:26

    attachment #1: screenshot (image/png) ──────────────────────────────────────────────────────────
    test-results/payload-encryption-browser-b8d81-t-decryption-with-wrong-AAD-chromium/test-failed-1.png
    ────────────────────────────────────────────────────────────────────────────────────────────────

    attachment #2: video (video/webm) ──────────────────────────────────────────────────────────────
    test-results/payload-encryption-browser-b8d81-t-decryption-with-wrong-AAD-chromium/video.webm
    ────────────────────────────────────────────────────────────────────────────────────────────────

    Error Context: test-results/payload-encryption-browser-b8d81-t-decryption-with-wrong-AAD-chromium/error-context.md

    attachment #4: trace (application/zip) ─────────────────────────────────────────────────────────
    test-results/payload-encryption-browser-b8d81-t-decryption-with-wrong-AAD-chromium/trace.zip
    Usage:

        npx playwright show-trace test-results/payload-encryption-browser-b8d81-t-decryption-with-wrong-AAD-chromium/trace.zip

    ────────────────────────────────────────────────────────────────────────────────────────────────

    Retry #1 ───────────────────────────────────────────────────────────────────────────────────────

    Error: expect(received).toBe(expected) // Object.is equality

    Expected: true
    Received: false

      325 |
      326 |     expect(aadTest).toBeDefined();
    > 327 |     expect(aadTest.pass).toBe(true);
          |                          ^
      328 |   });
      329 |
      330 |   test('should import keys from base64url encoding', async ({ page }) => {
        at /Users/johnlynas/dev/nipp-0807/tests/isolation/e2e/payload-encryption-browser.test.ts:327:26

    attachment #1: screenshot (image/png) ──────────────────────────────────────────────────────────
    test-results/payload-encryption-browser-b8d81-t-decryption-with-wrong-AAD-chromium-retry1/test-failed-1.png
    ────────────────────────────────────────────────────────────────────────────────────────────────

    attachment #2: video (video/webm) ──────────────────────────────────────────────────────────────
    test-results/payload-encryption-browser-b8d81-t-decryption-with-wrong-AAD-chromium-retry1/video.webm
    ────────────────────────────────────────────────────────────────────────────────────────────────

    Error Context: test-results/payload-encryption-browser-b8d81-t-decryption-with-wrong-AAD-chromium-retry1/error-context.md

    attachment #4: trace (application/zip) ─────────────────────────────────────────────────────────
    test-results/payload-encryption-browser-b8d81-t-decryption-with-wrong-AAD-chromium-retry1/trace.zip
    Usage:

        npx playwright show-trace test-results/payload-encryption-browser-b8d81-t-decryption-with-wrong-AAD-chromium-retry1/trace.zip

    ────────────────────────────────────────────────────────────────────────────────────────────────

  18) [chromium] › tests/isolation/e2e/payload-encryption-browser.test.ts:330:7 › Web Crypto Browser Tests › should import keys from base64url encoding 

    Error: expect(received).toBe(expected) // Object.is equality

    Expected: true
    Received: false

      336 |
      337 |     expect(importTest).toBeDefined();
    > 338 |     expect(importTest.pass).toBe(true);
          |                             ^
      339 |   });
      340 |
      341 |   test('should detect tampered payloads', async ({ page }) => {
        at /Users/johnlynas/dev/nipp-0807/tests/isolation/e2e/payload-encryption-browser.test.ts:338:29

    attachment #1: screenshot (image/png) ──────────────────────────────────────────────────────────
    test-results/payload-encryption-browser-58cdd-eys-from-base64url-encoding-chromium/test-failed-1.png
    ────────────────────────────────────────────────────────────────────────────────────────────────

    attachment #2: video (video/webm) ──────────────────────────────────────────────────────────────
    test-results/payload-encryption-browser-58cdd-eys-from-base64url-encoding-chromium/video.webm
    ────────────────────────────────────────────────────────────────────────────────────────────────

    Error Context: test-results/payload-encryption-browser-58cdd-eys-from-base64url-encoding-chromium/error-context.md

    attachment #4: trace (application/zip) ─────────────────────────────────────────────────────────
    test-results/payload-encryption-browser-58cdd-eys-from-base64url-encoding-chromium/trace.zip
    Usage:

        npx playwright show-trace test-results/payload-encryption-browser-58cdd-eys-from-base64url-encoding-chromium/trace.zip

    ────────────────────────────────────────────────────────────────────────────────────────────────

    Retry #1 ───────────────────────────────────────────────────────────────────────────────────────

    Error: expect(received).toBe(expected) // Object.is equality

    Expected: true
    Received: false

      336 |
      337 |     expect(importTest).toBeDefined();
    > 338 |     expect(importTest.pass).toBe(true);
          |                             ^
      339 |   });
      340 |
      341 |   test('should detect tampered payloads', async ({ page }) => {
        at /Users/johnlynas/dev/nipp-0807/tests/isolation/e2e/payload-encryption-browser.test.ts:338:29

    attachment #1: screenshot (image/png) ──────────────────────────────────────────────────────────
    test-results/payload-encryption-browser-58cdd-eys-from-base64url-encoding-chromium-retry1/test-failed-1.png
    ────────────────────────────────────────────────────────────────────────────────────────────────

    attachment #2: video (video/webm) ──────────────────────────────────────────────────────────────
    test-results/payload-encryption-browser-58cdd-eys-from-base64url-encoding-chromium-retry1/video.webm
    ────────────────────────────────────────────────────────────────────────────────────────────────

    Error Context: test-results/payload-encryption-browser-58cdd-eys-from-base64url-encoding-chromium-retry1/error-context.md

    attachment #4: trace (application/zip) ─────────────────────────────────────────────────────────
    test-results/payload-encryption-browser-58cdd-eys-from-base64url-encoding-chromium-retry1/trace.zip
    Usage:

        npx playwright show-trace test-results/payload-encryption-browser-58cdd-eys-from-base64url-encoding-chromium-retry1/trace.zip

    ────────────────────────────────────────────────────────────────────────────────────────────────

  19) [chromium] › tests/isolation/e2e/payload-encryption-browser.test.ts:341:7 › Web Crypto Browser Tests › should detect tampered payloads 

    Error: expect(received).toBe(expected) // Object.is equality

    Expected: true
    Received: false

      347 |
      348 |     expect(tamperTest).toBeDefined();
    > 349 |     expect(tamperTest.pass).toBe(true);
          |                             ^
      350 |   });
      351 |
      352 |   test('should have all tests pass', async ({ page }) => {
        at /Users/johnlynas/dev/nipp-0807/tests/isolation/e2e/payload-encryption-browser.test.ts:349:29

    attachment #1: screenshot (image/png) ──────────────────────────────────────────────────────────
    test-results/payload-encryption-browser-fbd31-ld-detect-tampered-payloads-chromium/test-failed-1.png
    ────────────────────────────────────────────────────────────────────────────────────────────────

    attachment #2: video (video/webm) ──────────────────────────────────────────────────────────────
    test-results/payload-encryption-browser-fbd31-ld-detect-tampered-payloads-chromium/video.webm
    ────────────────────────────────────────────────────────────────────────────────────────────────

    Error Context: test-results/payload-encryption-browser-fbd31-ld-detect-tampered-payloads-chromium/error-context.md

    attachment #4: trace (application/zip) ─────────────────────────────────────────────────────────
    test-results/payload-encryption-browser-fbd31-ld-detect-tampered-payloads-chromium/trace.zip
    Usage:

        npx playwright show-trace test-results/payload-encryption-browser-fbd31-ld-detect-tampered-payloads-chromium/trace.zip

    ────────────────────────────────────────────────────────────────────────────────────────────────

    Retry #1 ───────────────────────────────────────────────────────────────────────────────────────

    Error: expect(received).toBe(expected) // Object.is equality

    Expected: true
    Received: false

      347 |
      348 |     expect(tamperTest).toBeDefined();
    > 349 |     expect(tamperTest.pass).toBe(true);
          |                             ^
      350 |   });
      351 |
      352 |   test('should have all tests pass', async ({ page }) => {
        at /Users/johnlynas/dev/nipp-0807/tests/isolation/e2e/payload-encryption-browser.test.ts:349:29

    attachment #1: screenshot (image/png) ──────────────────────────────────────────────────────────
    test-results/payload-encryption-browser-fbd31-ld-detect-tampered-payloads-chromium-retry1/test-failed-1.png
    ────────────────────────────────────────────────────────────────────────────────────────────────

    attachment #2: video (video/webm) ──────────────────────────────────────────────────────────────
    test-results/payload-encryption-browser-fbd31-ld-detect-tampered-payloads-chromium-retry1/video.webm
    ────────────────────────────────────────────────────────────────────────────────────────────────

    Error Context: test-results/payload-encryption-browser-fbd31-ld-detect-tampered-payloads-chromium-retry1/error-context.md

    attachment #4: trace (application/zip) ─────────────────────────────────────────────────────────
    test-results/payload-encryption-browser-fbd31-ld-detect-tampered-payloads-chromium-retry1/trace.zip
    Usage:

        npx playwright show-trace test-results/payload-encryption-browser-fbd31-ld-detect-tampered-payloads-chromium-retry1/trace.zip

    ────────────────────────────────────────────────────────────────────────────────────────────────

  20) [chromium] › tests/isolation/e2e/payload-encryption-browser.test.ts:352:7 › Web Crypto Browser Tests › should have all tests pass 

    Error: Test web-crypto-available failed: undefined

    expect(received).toBe(expected) // Object.is equality

    Expected: true
    Received: false

      358 |     // All tests should have pass: true
      359 |     for (const result of results!) {
    > 360 |       expect(result.pass, `Test ${result.test} failed: ${result.error}`).toBe(true);
          |                                                                          ^
      361 |     }
      362 |   });
      363 | });
        at /Users/johnlynas/dev/nipp-0807/tests/isolation/e2e/payload-encryption-browser.test.ts:360:74

    attachment #1: screenshot (image/png) ──────────────────────────────────────────────────────────
    test-results/payload-encryption-browser-bccf1--should-have-all-tests-pass-chromium/test-failed-1.png
    ────────────────────────────────────────────────────────────────────────────────────────────────

    attachment #2: video (video/webm) ──────────────────────────────────────────────────────────────
    test-results/payload-encryption-browser-bccf1--should-have-all-tests-pass-chromium/video.webm
    ────────────────────────────────────────────────────────────────────────────────────────────────

    Error Context: test-results/payload-encryption-browser-bccf1--should-have-all-tests-pass-chromium/error-context.md

    attachment #4: trace (application/zip) ─────────────────────────────────────────────────────────
    test-results/payload-encryption-browser-bccf1--should-have-all-tests-pass-chromium/trace.zip
    Usage:

        npx playwright show-trace test-results/payload-encryption-browser-bccf1--should-have-all-tests-pass-chromium/trace.zip

    ────────────────────────────────────────────────────────────────────────────────────────────────

    Retry #1 ───────────────────────────────────────────────────────────────────────────────────────

    Error: Test web-crypto-available failed: undefined

    expect(received).toBe(expected) // Object.is equality

    Expected: true
    Received: false

      358 |     // All tests should have pass: true
      359 |     for (const result of results!) {
    > 360 |       expect(result.pass, `Test ${result.test} failed: ${result.error}`).toBe(true);
          |                                                                          ^
      361 |     }
      362 |   });
      363 | });
        at /Users/johnlynas/dev/nipp-0807/tests/isolation/e2e/payload-encryption-browser.test.ts:360:74

    attachment #1: screenshot (image/png) ──────────────────────────────────────────────────────────
    test-results/payload-encryption-browser-bccf1--should-have-all-tests-pass-chromium-retry1/test-failed-1.png
    ────────────────────────────────────────────────────────────────────────────────────────────────

    attachment #2: video (video/webm) ──────────────────────────────────────────────────────────────
    test-results/payload-encryption-browser-bccf1--should-have-all-tests-pass-chromium-retry1/video.webm
    ────────────────────────────────────────────────────────────────────────────────────────────────

    Error Context: test-results/payload-encryption-browser-bccf1--should-have-all-tests-pass-chromium-retry1/error-context.md

    attachment #4: trace (application/zip) ─────────────────────────────────────────────────────────
    test-results/payload-encryption-browser-bccf1--should-have-all-tests-pass-chromium-retry1/trace.zip
    Usage:

        npx playwright show-trace test-results/payload-encryption-browser-bccf1--should-have-all-tests-pass-chromium-retry1/trace.zip

    ────────────────────────────────────────────────────────────────────────────────────────────────

  21) [chromium] › tests/isolation/e2e/payload-encryption-e2e.spec.ts:75:7 › Payload Encryption E2E › key issuance endpoint returns sessionId and required fields 

    TimeoutError: page.waitForURL: Timeout 15000ms exceeded.
    =========================== logs ===========================
    waiting for navigation until "load"
      navigated to "http://localhost:3000/login"
    ============================================================

      33 |
      34 |   // Wait for navigation after login — accept any URL except /login (which indicates failure)
    > 35 |   await page.waitForURL((url) => !url.pathname.includes('/login'), { timeout: 15_000 });
         |              ^
      36 |
      37 |   if (page.url().includes('/login')) {
      38 |     await page.screenshot({ path: 'test-results/login-failure.png' });
        at login (/Users/johnlynas/dev/nipp-0807/tests/isolation/e2e/payload-encryption-e2e.spec.ts:35:14)
        at /Users/johnlynas/dev/nipp-0807/tests/isolation/e2e/payload-encryption-e2e.spec.ts:76:5

    attachment #1: screenshot (image/png) ──────────────────────────────────────────────────────────
    test-results/payload-encryption-e2e-Pay-c62bb-ssionId-and-required-fields-chromium/test-failed-1.png
    ────────────────────────────────────────────────────────────────────────────────────────────────

    attachment #2: video (video/webm) ──────────────────────────────────────────────────────────────
    test-results/payload-encryption-e2e-Pay-c62bb-ssionId-and-required-fields-chromium/video.webm
    ────────────────────────────────────────────────────────────────────────────────────────────────

    Error Context: test-results/payload-encryption-e2e-Pay-c62bb-ssionId-and-required-fields-chromium/error-context.md

    attachment #4: trace (application/zip) ─────────────────────────────────────────────────────────
    test-results/payload-encryption-e2e-Pay-c62bb-ssionId-and-required-fields-chromium/trace.zip
    Usage:

        npx playwright show-trace test-results/payload-encryption-e2e-Pay-c62bb-ssionId-and-required-fields-chromium/trace.zip

    ────────────────────────────────────────────────────────────────────────────────────────────────

    Retry #1 ───────────────────────────────────────────────────────────────────────────────────────

    TimeoutError: page.waitForURL: Timeout 15000ms exceeded.
    =========================== logs ===========================
    waiting for navigation until "load"
    ============================================================

      33 |
      34 |   // Wait for navigation after login — accept any URL except /login (which indicates failure)
    > 35 |   await page.waitForURL((url) => !url.pathname.includes('/login'), { timeout: 15_000 });
         |              ^
      36 |
      37 |   if (page.url().includes('/login')) {
      38 |     await page.screenshot({ path: 'test-results/login-failure.png' });
        at login (/Users/johnlynas/dev/nipp-0807/tests/isolation/e2e/payload-encryption-e2e.spec.ts:35:14)
        at /Users/johnlynas/dev/nipp-0807/tests/isolation/e2e/payload-encryption-e2e.spec.ts:76:5

    attachment #1: screenshot (image/png) ──────────────────────────────────────────────────────────
    test-results/payload-encryption-e2e-Pay-c62bb-ssionId-and-required-fields-chromium-retry1/test-failed-1.png
    ────────────────────────────────────────────────────────────────────────────────────────────────

    attachment #2: video (video/webm) ──────────────────────────────────────────────────────────────
    test-results/payload-encryption-e2e-Pay-c62bb-ssionId-and-required-fields-chromium-retry1/video.webm
    ────────────────────────────────────────────────────────────────────────────────────────────────

    Error Context: test-results/payload-encryption-e2e-Pay-c62bb-ssionId-and-required-fields-chromium-retry1/error-context.md

    attachment #4: trace (application/zip) ─────────────────────────────────────────────────────────
    test-results/payload-encryption-e2e-Pay-c62bb-ssionId-and-required-fields-chromium-retry1/trace.zip
    Usage:

        npx playwright show-trace test-results/payload-encryption-e2e-Pay-c62bb-ssionId-and-required-fields-chromium-retry1/trace.zip

    ────────────────────────────────────────────────────────────────────────────────────────────────

  22) [chromium] › tests/isolation/e2e/payload-encryption-e2e.spec.ts:117:7 › Payload Encryption E2E › encrypted fetch adds encryption headers and binary body for PII routes 

    TimeoutError: page.waitForURL: Timeout 15000ms exceeded.
    =========================== logs ===========================
    waiting for navigation until "load"
    ============================================================

      33 |
      34 |   // Wait for navigation after login — accept any URL except /login (which indicates failure)
    > 35 |   await page.waitForURL((url) => !url.pathname.includes('/login'), { timeout: 15_000 });
         |              ^
      36 |
      37 |   if (page.url().includes('/login')) {
      38 |     await page.screenshot({ path: 'test-results/login-failure.png' });
        at login (/Users/johnlynas/dev/nipp-0807/tests/isolation/e2e/payload-encryption-e2e.spec.ts:35:14)
        at /Users/johnlynas/dev/nipp-0807/tests/isolation/e2e/payload-encryption-e2e.spec.ts:118:5

    attachment #1: screenshot (image/png) ──────────────────────────────────────────────────────────
    test-results/payload-encryption-e2e-Pay-87631--binary-body-for-PII-routes-chromium/test-failed-1.png
    ────────────────────────────────────────────────────────────────────────────────────────────────

    attachment #2: video (video/webm) ──────────────────────────────────────────────────────────────
    test-results/payload-encryption-e2e-Pay-87631--binary-body-for-PII-routes-chromium/video.webm
    ────────────────────────────────────────────────────────────────────────────────────────────────

    Error Context: test-results/payload-encryption-e2e-Pay-87631--binary-body-for-PII-routes-chromium/error-context.md

    attachment #4: trace (application/zip) ─────────────────────────────────────────────────────────
    test-results/payload-encryption-e2e-Pay-87631--binary-body-for-PII-routes-chromium/trace.zip
    Usage:

        npx playwright show-trace test-results/payload-encryption-e2e-Pay-87631--binary-body-for-PII-routes-chromium/trace.zip

    ────────────────────────────────────────────────────────────────────────────────────────────────

    Retry #1 ───────────────────────────────────────────────────────────────────────────────────────

    TimeoutError: page.waitForURL: Timeout 15000ms exceeded.
    =========================== logs ===========================
    waiting for navigation until "load"
    ============================================================

      33 |
      34 |   // Wait for navigation after login — accept any URL except /login (which indicates failure)
    > 35 |   await page.waitForURL((url) => !url.pathname.includes('/login'), { timeout: 15_000 });
         |              ^
      36 |
      37 |   if (page.url().includes('/login')) {
      38 |     await page.screenshot({ path: 'test-results/login-failure.png' });
        at login (/Users/johnlynas/dev/nipp-0807/tests/isolation/e2e/payload-encryption-e2e.spec.ts:35:14)
        at /Users/johnlynas/dev/nipp-0807/tests/isolation/e2e/payload-encryption-e2e.spec.ts:118:5

    attachment #1: screenshot (image/png) ──────────────────────────────────────────────────────────
    test-results/payload-encryption-e2e-Pay-87631--binary-body-for-PII-routes-chromium-retry1/test-failed-1.png
    ────────────────────────────────────────────────────────────────────────────────────────────────

    attachment #2: video (video/webm) ──────────────────────────────────────────────────────────────
    test-results/payload-encryption-e2e-Pay-87631--binary-body-for-PII-routes-chromium-retry1/video.webm
    ────────────────────────────────────────────────────────────────────────────────────────────────

    Error Context: test-results/payload-encryption-e2e-Pay-87631--binary-body-for-PII-routes-chromium-retry1/error-context.md

    attachment #4: trace (application/zip) ─────────────────────────────────────────────────────────
    test-results/payload-encryption-e2e-Pay-87631--binary-body-for-PII-routes-chromium-retry1/trace.zip
    Usage:

        npx playwright show-trace test-results/payload-encryption-e2e-Pay-87631--binary-body-for-PII-routes-chromium-retry1/trace.zip

    ────────────────────────────────────────────────────────────────────────────────────────────────

  23) [chromium] › tests/isolation/e2e/payload-encryption-e2e.spec.ts:173:7 › Payload Encryption E2E › server returns 400 when encryption headers are missing on PII routes 

    TimeoutError: page.waitForURL: Timeout 15000ms exceeded.
    =========================== logs ===========================
    waiting for navigation until "load"
    ============================================================

      33 |
      34 |   // Wait for navigation after login — accept any URL except /login (which indicates failure)
    > 35 |   await page.waitForURL((url) => !url.pathname.includes('/login'), { timeout: 15_000 });
         |              ^
      36 |
      37 |   if (page.url().includes('/login')) {
      38 |     await page.screenshot({ path: 'test-results/login-failure.png' });
        at login (/Users/johnlynas/dev/nipp-0807/tests/isolation/e2e/payload-encryption-e2e.spec.ts:35:14)
        at /Users/johnlynas/dev/nipp-0807/tests/isolation/e2e/payload-encryption-e2e.spec.ts:174:5

    attachment #1: screenshot (image/png) ──────────────────────────────────────────────────────────
    test-results/payload-encryption-e2e-Pay-ab5c6-s-are-missing-on-PII-routes-chromium/test-failed-1.png
    ────────────────────────────────────────────────────────────────────────────────────────────────

    attachment #2: video (video/webm) ──────────────────────────────────────────────────────────────
    test-results/payload-encryption-e2e-Pay-ab5c6-s-are-missing-on-PII-routes-chromium/video.webm
    ────────────────────────────────────────────────────────────────────────────────────────────────

    Error Context: test-results/payload-encryption-e2e-Pay-ab5c6-s-are-missing-on-PII-routes-chromium/error-context.md

    attachment #4: trace (application/zip) ─────────────────────────────────────────────────────────
    test-results/payload-encryption-e2e-Pay-ab5c6-s-are-missing-on-PII-routes-chromium/trace.zip
    Usage:

        npx playwright show-trace test-results/payload-encryption-e2e-Pay-ab5c6-s-are-missing-on-PII-routes-chromium/trace.zip

    ────────────────────────────────────────────────────────────────────────────────────────────────

    Retry #1 ───────────────────────────────────────────────────────────────────────────────────────

    TimeoutError: page.waitForURL: Timeout 15000ms exceeded.
    =========================== logs ===========================
    waiting for navigation until "load"
    ============================================================

      33 |
      34 |   // Wait for navigation after login — accept any URL except /login (which indicates failure)
    > 35 |   await page.waitForURL((url) => !url.pathname.includes('/login'), { timeout: 15_000 });
         |              ^
      36 |
      37 |   if (page.url().includes('/login')) {
      38 |     await page.screenshot({ path: 'test-results/login-failure.png' });
        at login (/Users/johnlynas/dev/nipp-0807/tests/isolation/e2e/payload-encryption-e2e.spec.ts:35:14)
        at /Users/johnlynas/dev/nipp-0807/tests/isolation/e2e/payload-encryption-e2e.spec.ts:174:5

    attachment #1: screenshot (image/png) ──────────────────────────────────────────────────────────
    test-results/payload-encryption-e2e-Pay-ab5c6-s-are-missing-on-PII-routes-chromium-retry1/test-failed-1.png
    ────────────────────────────────────────────────────────────────────────────────────────────────

    attachment #2: video (video/webm) ──────────────────────────────────────────────────────────────
    test-results/payload-encryption-e2e-Pay-ab5c6-s-are-missing-on-PII-routes-chromium-retry1/video.webm
    ────────────────────────────────────────────────────────────────────────────────────────────────

    Error Context: test-results/payload-encryption-e2e-Pay-ab5c6-s-are-missing-on-PII-routes-chromium-retry1/error-context.md

    attachment #4: trace (application/zip) ─────────────────────────────────────────────────────────
    test-results/payload-encryption-e2e-Pay-ab5c6-s-are-missing-on-PII-routes-chromium-retry1/trace.zip
    Usage:

        npx playwright show-trace test-results/payload-encryption-e2e-Pay-ab5c6-s-are-missing-on-PII-routes-chromium-retry1/trace.zip

    ────────────────────────────────────────────────────────────────────────────────────────────────

  24) [chromium] › tests/isolation/e2e/payload-encryption-e2e.spec.ts:207:7 › Payload Encryption E2E › duplicate request nonce is detected and rejected with 409 

    TimeoutError: page.waitForURL: Timeout 15000ms exceeded.
    =========================== logs ===========================
    waiting for navigation until "load"
    ============================================================

      33 |
      34 |   // Wait for navigation after login — accept any URL except /login (which indicates failure)
    > 35 |   await page.waitForURL((url) => !url.pathname.includes('/login'), { timeout: 15_000 });
         |              ^
      36 |
      37 |   if (page.url().includes('/login')) {
      38 |     await page.screenshot({ path: 'test-results/login-failure.png' });
        at login (/Users/johnlynas/dev/nipp-0807/tests/isolation/e2e/payload-encryption-e2e.spec.ts:35:14)
        at /Users/johnlynas/dev/nipp-0807/tests/isolation/e2e/payload-encryption-e2e.spec.ts:208:5

    attachment #1: screenshot (image/png) ──────────────────────────────────────────────────────────
    test-results/payload-encryption-e2e-Pay-42dde-ected-and-rejected-with-409-chromium/test-failed-1.png
    ────────────────────────────────────────────────────────────────────────────────────────────────

    attachment #2: video (video/webm) ──────────────────────────────────────────────────────────────
    test-results/payload-encryption-e2e-Pay-42dde-ected-and-rejected-with-409-chromium/video.webm
    ────────────────────────────────────────────────────────────────────────────────────────────────

    Error Context: test-results/payload-encryption-e2e-Pay-42dde-ected-and-rejected-with-409-chromium/error-context.md

    attachment #4: trace (application/zip) ─────────────────────────────────────────────────────────
    test-results/payload-encryption-e2e-Pay-42dde-ected-and-rejected-with-409-chromium/trace.zip
    Usage:

        npx playwright show-trace test-results/payload-encryption-e2e-Pay-42dde-ected-and-rejected-with-409-chromium/trace.zip

    ────────────────────────────────────────────────────────────────────────────────────────────────

    Retry #1 ───────────────────────────────────────────────────────────────────────────────────────

    TimeoutError: page.waitForURL: Timeout 15000ms exceeded.
    =========================== logs ===========================
    waiting for navigation until "load"
    ============================================================

      33 |
      34 |   // Wait for navigation after login — accept any URL except /login (which indicates failure)
    > 35 |   await page.waitForURL((url) => !url.pathname.includes('/login'), { timeout: 15_000 });
         |              ^
      36 |
      37 |   if (page.url().includes('/login')) {
      38 |     await page.screenshot({ path: 'test-results/login-failure.png' });
        at login (/Users/johnlynas/dev/nipp-0807/tests/isolation/e2e/payload-encryption-e2e.spec.ts:35:14)
        at /Users/johnlynas/dev/nipp-0807/tests/isolation/e2e/payload-encryption-e2e.spec.ts:208:5

    attachment #1: screenshot (image/png) ──────────────────────────────────────────────────────────
    test-results/payload-encryption-e2e-Pay-42dde-ected-and-rejected-with-409-chromium-retry1/test-failed-1.png
    ────────────────────────────────────────────────────────────────────────────────────────────────

    attachment #2: video (video/webm) ──────────────────────────────────────────────────────────────
    test-results/payload-encryption-e2e-Pay-42dde-ected-and-rejected-with-409-chromium-retry1/video.webm
    ────────────────────────────────────────────────────────────────────────────────────────────────

    Error Context: test-results/payload-encryption-e2e-Pay-42dde-ected-and-rejected-with-409-chromium-retry1/error-context.md

    attachment #4: trace (application/zip) ─────────────────────────────────────────────────────────
    test-results/payload-encryption-e2e-Pay-42dde-ected-and-rejected-with-409-chromium-retry1/trace.zip
    Usage:

        npx playwright show-trace test-results/payload-encryption-e2e-Pay-42dde-ected-and-rejected-with-409-chromium-retry1/trace.zip

    ────────────────────────────────────────────────────────────────────────────────────────────────

  25) [chromium] › tests/isolation/e2e/payload-encryption-e2e.spec.ts:276:7 › Payload Encryption E2E › replay cache unavailable returns 503 when headers are present but cache fails 

    TimeoutError: page.waitForURL: Timeout 15000ms exceeded.
    =========================== logs ===========================
    waiting for navigation until "load"
    ============================================================

      33 |
      34 |   // Wait for navigation after login — accept any URL except /login (which indicates failure)
    > 35 |   await page.waitForURL((url) => !url.pathname.includes('/login'), { timeout: 15_000 });
         |              ^
      36 |
      37 |   if (page.url().includes('/login')) {
      38 |     await page.screenshot({ path: 'test-results/login-failure.png' });
        at login (/Users/johnlynas/dev/nipp-0807/tests/isolation/e2e/payload-encryption-e2e.spec.ts:35:14)
        at /Users/johnlynas/dev/nipp-0807/tests/isolation/e2e/payload-encryption-e2e.spec.ts:277:5

    attachment #1: screenshot (image/png) ──────────────────────────────────────────────────────────
    test-results/payload-encryption-e2e-Pay-fb6c1-are-present-but-cache-fails-chromium/test-failed-1.png
    ────────────────────────────────────────────────────────────────────────────────────────────────

    attachment #2: video (video/webm) ──────────────────────────────────────────────────────────────
    test-results/payload-encryption-e2e-Pay-fb6c1-are-present-but-cache-fails-chromium/video.webm
    ────────────────────────────────────────────────────────────────────────────────────────────────

    Error Context: test-results/payload-encryption-e2e-Pay-fb6c1-are-present-but-cache-fails-chromium/error-context.md

    attachment #4: trace (application/zip) ─────────────────────────────────────────────────────────
    test-results/payload-encryption-e2e-Pay-fb6c1-are-present-but-cache-fails-chromium/trace.zip
    Usage:

        npx playwright show-trace test-results/payload-encryption-e2e-Pay-fb6c1-are-present-but-cache-fails-chromium/trace.zip

    ────────────────────────────────────────────────────────────────────────────────────────────────

    Retry #1 ───────────────────────────────────────────────────────────────────────────────────────

    TimeoutError: page.waitForURL: Timeout 15000ms exceeded.
    =========================== logs ===========================
    waiting for navigation until "load"
    ============================================================

      33 |
      34 |   // Wait for navigation after login — accept any URL except /login (which indicates failure)
    > 35 |   await page.waitForURL((url) => !url.pathname.includes('/login'), { timeout: 15_000 });
         |              ^
      36 |
      37 |   if (page.url().includes('/login')) {
      38 |     await page.screenshot({ path: 'test-results/login-failure.png' });
        at login (/Users/johnlynas/dev/nipp-0807/tests/isolation/e2e/payload-encryption-e2e.spec.ts:35:14)
        at /Users/johnlynas/dev/nipp-0807/tests/isolation/e2e/payload-encryption-e2e.spec.ts:277:5

    attachment #1: screenshot (image/png) ──────────────────────────────────────────────────────────
    test-results/payload-encryption-e2e-Pay-fb6c1-are-present-but-cache-fails-chromium-retry1/test-failed-1.png
    ────────────────────────────────────────────────────────────────────────────────────────────────

    attachment #2: video (video/webm) ──────────────────────────────────────────────────────────────
    test-results/payload-encryption-e2e-Pay-fb6c1-are-present-but-cache-fails-chromium-retry1/video.webm
    ────────────────────────────────────────────────────────────────────────────────────────────────

    Error Context: test-results/payload-encryption-e2e-Pay-fb6c1-are-present-but-cache-fails-chromium-retry1/error-context.md

    attachment #4: trace (application/zip) ─────────────────────────────────────────────────────────
    test-results/payload-encryption-e2e-Pay-fb6c1-are-present-but-cache-fails-chromium-retry1/trace.zip
    Usage:

        npx playwright show-trace test-results/payload-encryption-e2e-Pay-fb6c1-are-present-but-cache-fails-chromium-retry1/trace.zip

    ────────────────────────────────────────────────────────────────────────────────────────────────

  26) [chromium] › tests/isolation/e2e/super-admin-exclusivity.spec.ts:115:7 › Super Admin Exclusivity › super admin can access /admin/organizations 

    TimeoutError: page.waitForURL: Timeout 15000ms exceeded.
    =========================== logs ===========================
    waiting for navigation until "load"
    ============================================================

      32 |
      33 |   // Wait for navigation after login — accept any URL except /login (which indicates failure)
    > 34 |   await page.waitForURL((url) => !url.pathname.includes('/login'), { timeout: 15_000 });
         |              ^
      35 |
      36 |   // If we ended up back on /login, the login failed — take a screenshot for debugging
      37 |   if (page.url().includes('/login')) {
        at login (/Users/johnlynas/dev/nipp-0807/tests/isolation/e2e/super-admin-exclusivity.spec.ts:34:14)
        at /Users/johnlynas/dev/nipp-0807/tests/isolation/e2e/super-admin-exclusivity.spec.ts:116:5

    attachment #1: screenshot (image/png) ──────────────────────────────────────────────────────────
    test-results/super-admin-exclusivity-Su-73aef--access-admin-organizations-chromium/test-failed-1.png
    ────────────────────────────────────────────────────────────────────────────────────────────────

    attachment #2: video (video/webm) ──────────────────────────────────────────────────────────────
    test-results/super-admin-exclusivity-Su-73aef--access-admin-organizations-chromium/video.webm
    ────────────────────────────────────────────────────────────────────────────────────────────────

    Error Context: test-results/super-admin-exclusivity-Su-73aef--access-admin-organizations-chromium/error-context.md

    attachment #4: trace (application/zip) ─────────────────────────────────────────────────────────
    test-results/super-admin-exclusivity-Su-73aef--access-admin-organizations-chromium/trace.zip
    Usage:

        npx playwright show-trace test-results/super-admin-exclusivity-Su-73aef--access-admin-organizations-chromium/trace.zip

    ────────────────────────────────────────────────────────────────────────────────────────────────

    Retry #1 ───────────────────────────────────────────────────────────────────────────────────────

    TimeoutError: page.waitForURL: Timeout 15000ms exceeded.
    =========================== logs ===========================
    waiting for navigation until "load"
    ============================================================

      32 |
      33 |   // Wait for navigation after login — accept any URL except /login (which indicates failure)
    > 34 |   await page.waitForURL((url) => !url.pathname.includes('/login'), { timeout: 15_000 });
         |              ^
      35 |
      36 |   // If we ended up back on /login, the login failed — take a screenshot for debugging
      37 |   if (page.url().includes('/login')) {
        at login (/Users/johnlynas/dev/nipp-0807/tests/isolation/e2e/super-admin-exclusivity.spec.ts:34:14)
        at /Users/johnlynas/dev/nipp-0807/tests/isolation/e2e/super-admin-exclusivity.spec.ts:116:5

    attachment #1: screenshot (image/png) ──────────────────────────────────────────────────────────
    test-results/super-admin-exclusivity-Su-73aef--access-admin-organizations-chromium-retry1/test-failed-1.png
    ────────────────────────────────────────────────────────────────────────────────────────────────

    attachment #2: video (video/webm) ──────────────────────────────────────────────────────────────
    test-results/super-admin-exclusivity-Su-73aef--access-admin-organizations-chromium-retry1/video.webm
    ────────────────────────────────────────────────────────────────────────────────────────────────

    Error Context: test-results/super-admin-exclusivity-Su-73aef--access-admin-organizations-chromium-retry1/error-context.md

    attachment #4: trace (application/zip) ─────────────────────────────────────────────────────────
    test-results/super-admin-exclusivity-Su-73aef--access-admin-organizations-chromium-retry1/trace.zip
    Usage:

        npx playwright show-trace test-results/super-admin-exclusivity-Su-73aef--access-admin-organizations-chromium-retry1/trace.zip

    ────────────────────────────────────────────────────────────────────────────────────────────────

  27) [chromium] › tests/isolation/e2e/super-admin-exclusivity.spec.ts:123:7 › Super Admin Exclusivity › super admin can access /admin/permissions 

    TimeoutError: page.waitForURL: Timeout 15000ms exceeded.
    =========================== logs ===========================
    waiting for navigation until "load"
    ============================================================

      32 |
      33 |   // Wait for navigation after login — accept any URL except /login (which indicates failure)
    > 34 |   await page.waitForURL((url) => !url.pathname.includes('/login'), { timeout: 15_000 });
         |              ^
      35 |
      36 |   // If we ended up back on /login, the login failed — take a screenshot for debugging
      37 |   if (page.url().includes('/login')) {
        at login (/Users/johnlynas/dev/nipp-0807/tests/isolation/e2e/super-admin-exclusivity.spec.ts:34:14)
        at /Users/johnlynas/dev/nipp-0807/tests/isolation/e2e/super-admin-exclusivity.spec.ts:124:5

    attachment #1: screenshot (image/png) ──────────────────────────────────────────────────────────
    test-results/super-admin-exclusivity-Su-68479-an-access-admin-permissions-chromium/test-failed-1.png
    ────────────────────────────────────────────────────────────────────────────────────────────────

    attachment #2: video (video/webm) ──────────────────────────────────────────────────────────────
    test-results/super-admin-exclusivity-Su-68479-an-access-admin-permissions-chromium/video.webm
    ────────────────────────────────────────────────────────────────────────────────────────────────

    Error Context: test-results/super-admin-exclusivity-Su-68479-an-access-admin-permissions-chromium/error-context.md

    attachment #4: trace (application/zip) ─────────────────────────────────────────────────────────
    test-results/super-admin-exclusivity-Su-68479-an-access-admin-permissions-chromium/trace.zip
    Usage:

        npx playwright show-trace test-results/super-admin-exclusivity-Su-68479-an-access-admin-permissions-chromium/trace.zip

    ────────────────────────────────────────────────────────────────────────────────────────────────

    Retry #1 ───────────────────────────────────────────────────────────────────────────────────────

    TimeoutError: page.waitForURL: Timeout 15000ms exceeded.
    =========================== logs ===========================
    waiting for navigation until "load"
    ============================================================

      32 |
      33 |   // Wait for navigation after login — accept any URL except /login (which indicates failure)
    > 34 |   await page.waitForURL((url) => !url.pathname.includes('/login'), { timeout: 15_000 });
         |              ^
      35 |
      36 |   // If we ended up back on /login, the login failed — take a screenshot for debugging
      37 |   if (page.url().includes('/login')) {
        at login (/Users/johnlynas/dev/nipp-0807/tests/isolation/e2e/super-admin-exclusivity.spec.ts:34:14)
        at /Users/johnlynas/dev/nipp-0807/tests/isolation/e2e/super-admin-exclusivity.spec.ts:124:5

    attachment #1: screenshot (image/png) ──────────────────────────────────────────────────────────
    test-results/super-admin-exclusivity-Su-68479-an-access-admin-permissions-chromium-retry1/test-failed-1.png
    ────────────────────────────────────────────────────────────────────────────────────────────────

    attachment #2: video (video/webm) ──────────────────────────────────────────────────────────────
    test-results/super-admin-exclusivity-Su-68479-an-access-admin-permissions-chromium-retry1/video.webm
    ────────────────────────────────────────────────────────────────────────────────────────────────

    Error Context: test-results/super-admin-exclusivity-Su-68479-an-access-admin-permissions-chromium-retry1/error-context.md

    attachment #4: trace (application/zip) ─────────────────────────────────────────────────────────
    test-results/super-admin-exclusivity-Su-68479-an-access-admin-permissions-chromium-retry1/trace.zip
    Usage:

        npx playwright show-trace test-results/super-admin-exclusivity-Su-68479-an-access-admin-permissions-chromium-retry1/trace.zip

    ────────────────────────────────────────────────────────────────────────────────────────────────

  28) [chromium] › tests/isolation/e2e/super-admin-exclusivity.spec.ts:131:7 › Super Admin Exclusivity › super admin can access /admin/system-logs 

    TimeoutError: page.waitForURL: Timeout 15000ms exceeded.
    =========================== logs ===========================
    waiting for navigation until "load"
    ============================================================

      32 |
      33 |   // Wait for navigation after login — accept any URL except /login (which indicates failure)
    > 34 |   await page.waitForURL((url) => !url.pathname.includes('/login'), { timeout: 15_000 });
         |              ^
      35 |
      36 |   // If we ended up back on /login, the login failed — take a screenshot for debugging
      37 |   if (page.url().includes('/login')) {
        at login (/Users/johnlynas/dev/nipp-0807/tests/isolation/e2e/super-admin-exclusivity.spec.ts:34:14)
        at /Users/johnlynas/dev/nipp-0807/tests/isolation/e2e/super-admin-exclusivity.spec.ts:132:5

    attachment #1: screenshot (image/png) ──────────────────────────────────────────────────────────
    test-results/super-admin-exclusivity-Su-160a6-an-access-admin-system-logs-chromium/test-failed-1.png
    ────────────────────────────────────────────────────────────────────────────────────────────────

    attachment #2: video (video/webm) ──────────────────────────────────────────────────────────────
    test-results/super-admin-exclusivity-Su-160a6-an-access-admin-system-logs-chromium/video.webm
    ────────────────────────────────────────────────────────────────────────────────────────────────

    Error Context: test-results/super-admin-exclusivity-Su-160a6-an-access-admin-system-logs-chromium/error-context.md

    attachment #4: trace (application/zip) ─────────────────────────────────────────────────────────
    test-results/super-admin-exclusivity-Su-160a6-an-access-admin-system-logs-chromium/trace.zip
    Usage:

        npx playwright show-trace test-results/super-admin-exclusivity-Su-160a6-an-access-admin-system-logs-chromium/trace.zip

    ────────────────────────────────────────────────────────────────────────────────────────────────

    Retry #1 ───────────────────────────────────────────────────────────────────────────────────────

    TimeoutError: page.waitForURL: Timeout 15000ms exceeded.
    =========================== logs ===========================
    waiting for navigation until "load"
    ============================================================

      32 |
      33 |   // Wait for navigation after login — accept any URL except /login (which indicates failure)
    > 34 |   await page.waitForURL((url) => !url.pathname.includes('/login'), { timeout: 15_000 });
         |              ^
      35 |
      36 |   // If we ended up back on /login, the login failed — take a screenshot for debugging
      37 |   if (page.url().includes('/login')) {
        at login (/Users/johnlynas/dev/nipp-0807/tests/isolation/e2e/super-admin-exclusivity.spec.ts:34:14)
        at /Users/johnlynas/dev/nipp-0807/tests/isolation/e2e/super-admin-exclusivity.spec.ts:132:5

    attachment #1: screenshot (image/png) ──────────────────────────────────────────────────────────
    test-results/super-admin-exclusivity-Su-160a6-an-access-admin-system-logs-chromium-retry1/test-failed-1.png
    ────────────────────────────────────────────────────────────────────────────────────────────────

    attachment #2: video (video/webm) ──────────────────────────────────────────────────────────────
    test-results/super-admin-exclusivity-Su-160a6-an-access-admin-system-logs-chromium-retry1/video.webm
    ────────────────────────────────────────────────────────────────────────────────────────────────

    Error Context: test-results/super-admin-exclusivity-Su-160a6-an-access-admin-system-logs-chromium-retry1/error-context.md

    attachment #4: trace (application/zip) ─────────────────────────────────────────────────────────
    test-results/super-admin-exclusivity-Su-160a6-an-access-admin-system-logs-chromium-retry1/trace.zip
    Usage:

        npx playwright show-trace test-results/super-admin-exclusivity-Su-160a6-an-access-admin-system-logs-chromium-retry1/trace.zip

    ────────────────────────────────────────────────────────────────────────────────────────────────

  29) [chromium] › tests/isolation/e2e/super-admin-exclusivity.spec.ts:139:7 › Super Admin Exclusivity › super admin sees admin nav links 

    TimeoutError: page.waitForURL: Timeout 15000ms exceeded.
    =========================== logs ===========================
    waiting for navigation until "load"
    ============================================================

      32 |
      33 |   // Wait for navigation after login — accept any URL except /login (which indicates failure)
    > 34 |   await page.waitForURL((url) => !url.pathname.includes('/login'), { timeout: 15_000 });
         |              ^
      35 |
      36 |   // If we ended up back on /login, the login failed — take a screenshot for debugging
      37 |   if (page.url().includes('/login')) {
        at login (/Users/johnlynas/dev/nipp-0807/tests/isolation/e2e/super-admin-exclusivity.spec.ts:34:14)
        at /Users/johnlynas/dev/nipp-0807/tests/isolation/e2e/super-admin-exclusivity.spec.ts:140:5

    attachment #1: screenshot (image/png) ──────────────────────────────────────────────────────────
    test-results/super-admin-exclusivity-Su-7b444--admin-sees-admin-nav-links-chromium/test-failed-1.png
    ────────────────────────────────────────────────────────────────────────────────────────────────

    attachment #2: video (video/webm) ──────────────────────────────────────────────────────────────
    test-results/super-admin-exclusivity-Su-7b444--admin-sees-admin-nav-links-chromium/video.webm
    ────────────────────────────────────────────────────────────────────────────────────────────────

    Error Context: test-results/super-admin-exclusivity-Su-7b444--admin-sees-admin-nav-links-chromium/error-context.md

    attachment #4: trace (application/zip) ─────────────────────────────────────────────────────────
    test-results/super-admin-exclusivity-Su-7b444--admin-sees-admin-nav-links-chromium/trace.zip
    Usage:

        npx playwright show-trace test-results/super-admin-exclusivity-Su-7b444--admin-sees-admin-nav-links-chromium/trace.zip

    ────────────────────────────────────────────────────────────────────────────────────────────────

    Retry #1 ───────────────────────────────────────────────────────────────────────────────────────

    TimeoutError: page.waitForURL: Timeout 15000ms exceeded.
    =========================== logs ===========================
    waiting for navigation until "load"
    ============================================================

      32 |
      33 |   // Wait for navigation after login — accept any URL except /login (which indicates failure)
    > 34 |   await page.waitForURL((url) => !url.pathname.includes('/login'), { timeout: 15_000 });
         |              ^
      35 |
      36 |   // If we ended up back on /login, the login failed — take a screenshot for debugging
      37 |   if (page.url().includes('/login')) {
        at login (/Users/johnlynas/dev/nipp-0807/tests/isolation/e2e/super-admin-exclusivity.spec.ts:34:14)
        at /Users/johnlynas/dev/nipp-0807/tests/isolation/e2e/super-admin-exclusivity.spec.ts:140:5

    attachment #1: screenshot (image/png) ──────────────────────────────────────────────────────────
    test-results/super-admin-exclusivity-Su-7b444--admin-sees-admin-nav-links-chromium-retry1/test-failed-1.png
    ────────────────────────────────────────────────────────────────────────────────────────────────

    attachment #2: video (video/webm) ──────────────────────────────────────────────────────────────
    test-results/super-admin-exclusivity-Su-7b444--admin-sees-admin-nav-links-chromium-retry1/video.webm
    ────────────────────────────────────────────────────────────────────────────────────────────────

    Error Context: test-results/super-admin-exclusivity-Su-7b444--admin-sees-admin-nav-links-chromium-retry1/error-context.md

    attachment #4: trace (application/zip) ─────────────────────────────────────────────────────────
    test-results/super-admin-exclusivity-Su-7b444--admin-sees-admin-nav-links-chromium-retry1/trace.zip
    Usage:

        npx playwright show-trace test-results/super-admin-exclusivity-Su-7b444--admin-sees-admin-nav-links-chromium-retry1/trace.zip

    ────────────────────────────────────────────────────────────────────────────────────────────────

  30) [chromium] › tests/isolation/e2e/super-admin-tenant-access.spec.ts:56:7 › Super Admin Tenant Data Access › super admin can view organizations list including OrgA and OrgB 

    TimeoutError: page.waitForURL: Timeout 15000ms exceeded.
    =========================== logs ===========================
    waiting for navigation until "load"
    ============================================================

      26 |
      27 |   // Wait for navigation after login — accept any URL except /login (which indicates failure)
    > 28 |   await page.waitForURL((url) => !url.pathname.includes('/login'), { timeout: 15_000 });
         |              ^
      29 |
      30 |   // If we ended up back on /login, the login failed
      31 |   if (page.url().includes('/login')) {
        at login (/Users/johnlynas/dev/nipp-0807/tests/isolation/e2e/super-admin-tenant-access.spec.ts:28:14)
        at /Users/johnlynas/dev/nipp-0807/tests/isolation/e2e/super-admin-tenant-access.spec.ts:57:5

    attachment #1: screenshot (image/png) ──────────────────────────────────────────────────────────
    test-results/super-admin-tenant-access--784ba-ist-including-OrgA-and-OrgB-chromium/test-failed-1.png
    ────────────────────────────────────────────────────────────────────────────────────────────────

    attachment #2: video (video/webm) ──────────────────────────────────────────────────────────────
    test-results/super-admin-tenant-access--784ba-ist-including-OrgA-and-OrgB-chromium/video.webm
    ────────────────────────────────────────────────────────────────────────────────────────────────

    Error Context: test-results/super-admin-tenant-access--784ba-ist-including-OrgA-and-OrgB-chromium/error-context.md

    attachment #4: trace (application/zip) ─────────────────────────────────────────────────────────
    test-results/super-admin-tenant-access--784ba-ist-including-OrgA-and-OrgB-chromium/trace.zip
    Usage:

        npx playwright show-trace test-results/super-admin-tenant-access--784ba-ist-including-OrgA-and-OrgB-chromium/trace.zip

    ────────────────────────────────────────────────────────────────────────────────────────────────

    Retry #1 ───────────────────────────────────────────────────────────────────────────────────────

    TimeoutError: page.waitForURL: Timeout 15000ms exceeded.
    =========================== logs ===========================
    waiting for navigation until "load"
    ============================================================

      26 |
      27 |   // Wait for navigation after login — accept any URL except /login (which indicates failure)
    > 28 |   await page.waitForURL((url) => !url.pathname.includes('/login'), { timeout: 15_000 });
         |              ^
      29 |
      30 |   // If we ended up back on /login, the login failed
      31 |   if (page.url().includes('/login')) {
        at login (/Users/johnlynas/dev/nipp-0807/tests/isolation/e2e/super-admin-tenant-access.spec.ts:28:14)
        at /Users/johnlynas/dev/nipp-0807/tests/isolation/e2e/super-admin-tenant-access.spec.ts:57:5

    attachment #1: screenshot (image/png) ──────────────────────────────────────────────────────────
    test-results/super-admin-tenant-access--784ba-ist-including-OrgA-and-OrgB-chromium-retry1/test-failed-1.png
    ────────────────────────────────────────────────────────────────────────────────────────────────

    attachment #2: video (video/webm) ──────────────────────────────────────────────────────────────
    test-results/super-admin-tenant-access--784ba-ist-including-OrgA-and-OrgB-chromium-retry1/video.webm
    ────────────────────────────────────────────────────────────────────────────────────────────────

    Error Context: test-results/super-admin-tenant-access--784ba-ist-including-OrgA-and-OrgB-chromium-retry1/error-context.md

    attachment #4: trace (application/zip) ─────────────────────────────────────────────────────────
    test-results/super-admin-tenant-access--784ba-ist-including-OrgA-and-OrgB-chromium-retry1/trace.zip
    Usage:

        npx playwright show-trace test-results/super-admin-tenant-access--784ba-ist-including-OrgA-and-OrgB-chromium-retry1/trace.zip

    ────────────────────────────────────────────────────────────────────────────────────────────────

  31) [chromium] › tests/isolation/e2e/super-admin-tenant-access.spec.ts:73:7 › Super Admin Tenant Data Access › super admin can view OrgA details 

    TimeoutError: page.waitForURL: Timeout 15000ms exceeded.
    =========================== logs ===========================
    waiting for navigation until "load"
    ============================================================

      26 |
      27 |   // Wait for navigation after login — accept any URL except /login (which indicates failure)
    > 28 |   await page.waitForURL((url) => !url.pathname.includes('/login'), { timeout: 15_000 });
         |              ^
      29 |
      30 |   // If we ended up back on /login, the login failed
      31 |   if (page.url().includes('/login')) {
        at login (/Users/johnlynas/dev/nipp-0807/tests/isolation/e2e/super-admin-tenant-access.spec.ts:28:14)
        at /Users/johnlynas/dev/nipp-0807/tests/isolation/e2e/super-admin-tenant-access.spec.ts:74:5

    attachment #1: screenshot (image/png) ──────────────────────────────────────────────────────────
    test-results/super-admin-tenant-access--6d87a-admin-can-view-OrgA-details-chromium/test-failed-1.png
    ────────────────────────────────────────────────────────────────────────────────────────────────

    attachment #2: video (video/webm) ──────────────────────────────────────────────────────────────
    test-results/super-admin-tenant-access--6d87a-admin-can-view-OrgA-details-chromium/video.webm
    ────────────────────────────────────────────────────────────────────────────────────────────────

    Error Context: test-results/super-admin-tenant-access--6d87a-admin-can-view-OrgA-details-chromium/error-context.md

    attachment #4: trace (application/zip) ─────────────────────────────────────────────────────────
    test-results/super-admin-tenant-access--6d87a-admin-can-view-OrgA-details-chromium/trace.zip
    Usage:

        npx playwright show-trace test-results/super-admin-tenant-access--6d87a-admin-can-view-OrgA-details-chromium/trace.zip

    ────────────────────────────────────────────────────────────────────────────────────────────────

    Retry #1 ───────────────────────────────────────────────────────────────────────────────────────

    TimeoutError: page.waitForURL: Timeout 15000ms exceeded.
    =========================== logs ===========================
    waiting for navigation until "load"
    ============================================================

      26 |
      27 |   // Wait for navigation after login — accept any URL except /login (which indicates failure)
    > 28 |   await page.waitForURL((url) => !url.pathname.includes('/login'), { timeout: 15_000 });
         |              ^
      29 |
      30 |   // If we ended up back on /login, the login failed
      31 |   if (page.url().includes('/login')) {
        at login (/Users/johnlynas/dev/nipp-0807/tests/isolation/e2e/super-admin-tenant-access.spec.ts:28:14)
        at /Users/johnlynas/dev/nipp-0807/tests/isolation/e2e/super-admin-tenant-access.spec.ts:74:5

    attachment #1: screenshot (image/png) ──────────────────────────────────────────────────────────
    test-results/super-admin-tenant-access--6d87a-admin-can-view-OrgA-details-chromium-retry1/test-failed-1.png
    ────────────────────────────────────────────────────────────────────────────────────────────────

    attachment #2: video (video/webm) ──────────────────────────────────────────────────────────────
    test-results/super-admin-tenant-access--6d87a-admin-can-view-OrgA-details-chromium-retry1/video.webm
    ────────────────────────────────────────────────────────────────────────────────────────────────

    Error Context: test-results/super-admin-tenant-access--6d87a-admin-can-view-OrgA-details-chromium-retry1/error-context.md

    attachment #4: trace (application/zip) ─────────────────────────────────────────────────────────
    test-results/super-admin-tenant-access--6d87a-admin-can-view-OrgA-details-chromium-retry1/trace.zip
    Usage:

        npx playwright show-trace test-results/super-admin-tenant-access--6d87a-admin-can-view-OrgA-details-chromium-retry1/trace.zip

    ────────────────────────────────────────────────────────────────────────────────────────────────

  32) [chromium] › tests/isolation/e2e/super-admin-tenant-access.spec.ts:86:7 › Super Admin Tenant Data Access › super admin can view OrgB details 

    TimeoutError: page.waitForURL: Timeout 15000ms exceeded.
    =========================== logs ===========================
    waiting for navigation until "load"
    ============================================================

      26 |
      27 |   // Wait for navigation after login — accept any URL except /login (which indicates failure)
    > 28 |   await page.waitForURL((url) => !url.pathname.includes('/login'), { timeout: 15_000 });
         |              ^
      29 |
      30 |   // If we ended up back on /login, the login failed
      31 |   if (page.url().includes('/login')) {
        at login (/Users/johnlynas/dev/nipp-0807/tests/isolation/e2e/super-admin-tenant-access.spec.ts:28:14)
        at /Users/johnlynas/dev/nipp-0807/tests/isolation/e2e/super-admin-tenant-access.spec.ts:87:5

    attachment #1: screenshot (image/png) ──────────────────────────────────────────────────────────
    test-results/super-admin-tenant-access--a57e2-admin-can-view-OrgB-details-chromium/test-failed-1.png
    ────────────────────────────────────────────────────────────────────────────────────────────────

    attachment #2: video (video/webm) ──────────────────────────────────────────────────────────────
    test-results/super-admin-tenant-access--a57e2-admin-can-view-OrgB-details-chromium/video.webm
    ────────────────────────────────────────────────────────────────────────────────────────────────

    Error Context: test-results/super-admin-tenant-access--a57e2-admin-can-view-OrgB-details-chromium/error-context.md

    attachment #4: trace (application/zip) ─────────────────────────────────────────────────────────
    test-results/super-admin-tenant-access--a57e2-admin-can-view-OrgB-details-chromium/trace.zip
    Usage:

        npx playwright show-trace test-results/super-admin-tenant-access--a57e2-admin-can-view-OrgB-details-chromium/trace.zip

    ────────────────────────────────────────────────────────────────────────────────────────────────

    Retry #1 ───────────────────────────────────────────────────────────────────────────────────────

    TimeoutError: page.waitForURL: Timeout 15000ms exceeded.
    =========================== logs ===========================
    waiting for navigation until "load"
    ============================================================

      26 |
      27 |   // Wait for navigation after login — accept any URL except /login (which indicates failure)
    > 28 |   await page.waitForURL((url) => !url.pathname.includes('/login'), { timeout: 15_000 });
         |              ^
      29 |
      30 |   // If we ended up back on /login, the login failed
      31 |   if (page.url().includes('/login')) {
        at login (/Users/johnlynas/dev/nipp-0807/tests/isolation/e2e/super-admin-tenant-access.spec.ts:28:14)
        at /Users/johnlynas/dev/nipp-0807/tests/isolation/e2e/super-admin-tenant-access.spec.ts:87:5

    attachment #1: screenshot (image/png) ──────────────────────────────────────────────────────────
    test-results/super-admin-tenant-access--a57e2-admin-can-view-OrgB-details-chromium-retry1/test-failed-1.png
    ────────────────────────────────────────────────────────────────────────────────────────────────

    attachment #2: video (video/webm) ──────────────────────────────────────────────────────────────
    test-results/super-admin-tenant-access--a57e2-admin-can-view-OrgB-details-chromium-retry1/video.webm
    ────────────────────────────────────────────────────────────────────────────────────────────────

    Error Context: test-results/super-admin-tenant-access--a57e2-admin-can-view-OrgB-details-chromium-retry1/error-context.md

    attachment #4: trace (application/zip) ─────────────────────────────────────────────────────────
    test-results/super-admin-tenant-access--a57e2-admin-can-view-OrgB-details-chromium-retry1/trace.zip
    Usage:

        npx playwright show-trace test-results/super-admin-tenant-access--a57e2-admin-can-view-OrgB-details-chromium-retry1/trace.zip

    ────────────────────────────────────────────────────────────────────────────────────────────────

  33) [chromium] › tests/isolation/e2e/super-admin-tenant-access.spec.ts:103:7 › Super Admin Tenant Data Access › super admin can navigate to OrgA on admin organizations page 

    TimeoutError: page.waitForURL: Timeout 15000ms exceeded.
    =========================== logs ===========================
    waiting for navigation until "load"
    ============================================================

      26 |
      27 |   // Wait for navigation after login — accept any URL except /login (which indicates failure)
    > 28 |   await page.waitForURL((url) => !url.pathname.includes('/login'), { timeout: 15_000 });
         |              ^
      29 |
      30 |   // If we ended up back on /login, the login failed
      31 |   if (page.url().includes('/login')) {
        at login (/Users/johnlynas/dev/nipp-0807/tests/isolation/e2e/super-admin-tenant-access.spec.ts:28:14)
        at /Users/johnlynas/dev/nipp-0807/tests/isolation/e2e/super-admin-tenant-access.spec.ts:104:5

    attachment #1: screenshot (image/png) ──────────────────────────────────────────────────────────
    test-results/super-admin-tenant-access--a3c8c-on-admin-organizations-page-chromium/test-failed-1.png
    ────────────────────────────────────────────────────────────────────────────────────────────────

    attachment #2: video (video/webm) ──────────────────────────────────────────────────────────────
    test-results/super-admin-tenant-access--a3c8c-on-admin-organizations-page-chromium/video.webm
    ────────────────────────────────────────────────────────────────────────────────────────────────

    Error Context: test-results/super-admin-tenant-access--a3c8c-on-admin-organizations-page-chromium/error-context.md

    attachment #4: trace (application/zip) ─────────────────────────────────────────────────────────
    test-results/super-admin-tenant-access--a3c8c-on-admin-organizations-page-chromium/trace.zip
    Usage:

        npx playwright show-trace test-results/super-admin-tenant-access--a3c8c-on-admin-organizations-page-chromium/trace.zip

    ────────────────────────────────────────────────────────────────────────────────────────────────

    Retry #1 ───────────────────────────────────────────────────────────────────────────────────────

    TimeoutError: page.waitForURL: Timeout 15000ms exceeded.
    =========================== logs ===========================
    waiting for navigation until "load"
    ============================================================

      26 |
      27 |   // Wait for navigation after login — accept any URL except /login (which indicates failure)
    > 28 |   await page.waitForURL((url) => !url.pathname.includes('/login'), { timeout: 15_000 });
         |              ^
      29 |
      30 |   // If we ended up back on /login, the login failed
      31 |   if (page.url().includes('/login')) {
        at login (/Users/johnlynas/dev/nipp-0807/tests/isolation/e2e/super-admin-tenant-access.spec.ts:28:14)
        at /Users/johnlynas/dev/nipp-0807/tests/isolation/e2e/super-admin-tenant-access.spec.ts:104:5

    attachment #1: screenshot (image/png) ──────────────────────────────────────────────────────────
    test-results/super-admin-tenant-access--a3c8c-on-admin-organizations-page-chromium-retry1/test-failed-1.png
    ────────────────────────────────────────────────────────────────────────────────────────────────

    attachment #2: video (video/webm) ──────────────────────────────────────────────────────────────
    test-results/super-admin-tenant-access--a3c8c-on-admin-organizations-page-chromium-retry1/video.webm
    ────────────────────────────────────────────────────────────────────────────────────────────────

    Error Context: test-results/super-admin-tenant-access--a3c8c-on-admin-organizations-page-chromium-retry1/error-context.md

    attachment #4: trace (application/zip) ─────────────────────────────────────────────────────────
    test-results/super-admin-tenant-access--a3c8c-on-admin-organizations-page-chromium-retry1/trace.zip
    Usage:

        npx playwright show-trace test-results/super-admin-tenant-access--a3c8c-on-admin-organizations-page-chromium-retry1/trace.zip

    ────────────────────────────────────────────────────────────────────────────────────────────────

  34) [chromium] › tests/isolation/e2e/super-admin-tenant-access.spec.ts:118:7 › Super Admin Tenant Data Access › super admin can view OrgA members via API 

    TimeoutError: page.waitForURL: Timeout 15000ms exceeded.
    =========================== logs ===========================
    waiting for navigation until "load"
    ============================================================

      26 |
      27 |   // Wait for navigation after login — accept any URL except /login (which indicates failure)
    > 28 |   await page.waitForURL((url) => !url.pathname.includes('/login'), { timeout: 15_000 });
         |              ^
      29 |
      30 |   // If we ended up back on /login, the login failed
      31 |   if (page.url().includes('/login')) {
        at login (/Users/johnlynas/dev/nipp-0807/tests/isolation/e2e/super-admin-tenant-access.spec.ts:28:14)
        at /Users/johnlynas/dev/nipp-0807/tests/isolation/e2e/super-admin-tenant-access.spec.ts:119:5

    attachment #1: screenshot (image/png) ──────────────────────────────────────────────────────────
    test-results/super-admin-tenant-access--cfafe-n-view-OrgA-members-via-API-chromium/test-failed-1.png
    ────────────────────────────────────────────────────────────────────────────────────────────────

    attachment #2: video (video/webm) ──────────────────────────────────────────────────────────────
    test-results/super-admin-tenant-access--cfafe-n-view-OrgA-members-via-API-chromium/video.webm
    ────────────────────────────────────────────────────────────────────────────────────────────────

    Error Context: test-results/super-admin-tenant-access--cfafe-n-view-OrgA-members-via-API-chromium/error-context.md

    attachment #4: trace (application/zip) ─────────────────────────────────────────────────────────
    test-results/super-admin-tenant-access--cfafe-n-view-OrgA-members-via-API-chromium/trace.zip
    Usage:

        npx playwright show-trace test-results/super-admin-tenant-access--cfafe-n-view-OrgA-members-via-API-chromium/trace.zip

    ────────────────────────────────────────────────────────────────────────────────────────────────

    Retry #1 ───────────────────────────────────────────────────────────────────────────────────────

    TimeoutError: page.waitForURL: Timeout 15000ms exceeded.
    =========================== logs ===========================
    waiting for navigation until "load"
    ============================================================

      26 |
      27 |   // Wait for navigation after login — accept any URL except /login (which indicates failure)
    > 28 |   await page.waitForURL((url) => !url.pathname.includes('/login'), { timeout: 15_000 });
         |              ^
      29 |
      30 |   // If we ended up back on /login, the login failed
      31 |   if (page.url().includes('/login')) {
        at login (/Users/johnlynas/dev/nipp-0807/tests/isolation/e2e/super-admin-tenant-access.spec.ts:28:14)
        at /Users/johnlynas/dev/nipp-0807/tests/isolation/e2e/super-admin-tenant-access.spec.ts:119:5

    attachment #1: screenshot (image/png) ──────────────────────────────────────────────────────────
    test-results/super-admin-tenant-access--cfafe-n-view-OrgA-members-via-API-chromium-retry1/test-failed-1.png
    ────────────────────────────────────────────────────────────────────────────────────────────────

    attachment #2: video (video/webm) ──────────────────────────────────────────────────────────────
    test-results/super-admin-tenant-access--cfafe-n-view-OrgA-members-via-API-chromium-retry1/video.webm
    ────────────────────────────────────────────────────────────────────────────────────────────────

    Error Context: test-results/super-admin-tenant-access--cfafe-n-view-OrgA-members-via-API-chromium-retry1/error-context.md

    attachment #4: trace (application/zip) ─────────────────────────────────────────────────────────
    test-results/super-admin-tenant-access--cfafe-n-view-OrgA-members-via-API-chromium-retry1/trace.zip
    Usage:

        npx playwright show-trace test-results/super-admin-tenant-access--cfafe-n-view-OrgA-members-via-API-chromium-retry1/trace.zip

    ────────────────────────────────────────────────────────────────────────────────────────────────

  35) [chromium] › tests/isolation/e2e/super-admin-tenant-access.spec.ts:133:7 › Super Admin Tenant Data Access › super admin can view OrgB members via API 

    TimeoutError: page.waitForURL: Timeout 15000ms exceeded.
    =========================== logs ===========================
    waiting for navigation until "load"
    ============================================================

      26 |
      27 |   // Wait for navigation after login — accept any URL except /login (which indicates failure)
    > 28 |   await page.waitForURL((url) => !url.pathname.includes('/login'), { timeout: 15_000 });
         |              ^
      29 |
      30 |   // If we ended up back on /login, the login failed
      31 |   if (page.url().includes('/login')) {
        at login (/Users/johnlynas/dev/nipp-0807/tests/isolation/e2e/super-admin-tenant-access.spec.ts:28:14)
        at /Users/johnlynas/dev/nipp-0807/tests/isolation/e2e/super-admin-tenant-access.spec.ts:134:5

    attachment #1: screenshot (image/png) ──────────────────────────────────────────────────────────
    test-results/super-admin-tenant-access--1d1a0-n-view-OrgB-members-via-API-chromium/test-failed-1.png
    ────────────────────────────────────────────────────────────────────────────────────────────────

    attachment #2: video (video/webm) ──────────────────────────────────────────────────────────────
    test-results/super-admin-tenant-access--1d1a0-n-view-OrgB-members-via-API-chromium/video.webm
    ────────────────────────────────────────────────────────────────────────────────────────────────

    Error Context: test-results/super-admin-tenant-access--1d1a0-n-view-OrgB-members-via-API-chromium/error-context.md

    attachment #4: trace (application/zip) ─────────────────────────────────────────────────────────
    test-results/super-admin-tenant-access--1d1a0-n-view-OrgB-members-via-API-chromium/trace.zip
    Usage:

        npx playwright show-trace test-results/super-admin-tenant-access--1d1a0-n-view-OrgB-members-via-API-chromium/trace.zip

    ────────────────────────────────────────────────────────────────────────────────────────────────

    Retry #1 ───────────────────────────────────────────────────────────────────────────────────────

    TimeoutError: page.waitForURL: Timeout 15000ms exceeded.
    =========================== logs ===========================
    waiting for navigation until "load"
    ============================================================

      26 |
      27 |   // Wait for navigation after login — accept any URL except /login (which indicates failure)
    > 28 |   await page.waitForURL((url) => !url.pathname.includes('/login'), { timeout: 15_000 });
         |              ^
      29 |
      30 |   // If we ended up back on /login, the login failed
      31 |   if (page.url().includes('/login')) {
        at login (/Users/johnlynas/dev/nipp-0807/tests/isolation/e2e/super-admin-tenant-access.spec.ts:28:14)
        at /Users/johnlynas/dev/nipp-0807/tests/isolation/e2e/super-admin-tenant-access.spec.ts:134:5

    attachment #1: screenshot (image/png) ──────────────────────────────────────────────────────────
    test-results/super-admin-tenant-access--1d1a0-n-view-OrgB-members-via-API-chromium-retry1/test-failed-1.png
    ────────────────────────────────────────────────────────────────────────────────────────────────

    attachment #2: video (video/webm) ──────────────────────────────────────────────────────────────
    test-results/super-admin-tenant-access--1d1a0-n-view-OrgB-members-via-API-chromium-retry1/video.webm
    ────────────────────────────────────────────────────────────────────────────────────────────────

    Error Context: test-results/super-admin-tenant-access--1d1a0-n-view-OrgB-members-via-API-chromium-retry1/error-context.md

    attachment #4: trace (application/zip) ─────────────────────────────────────────────────────────
    test-results/super-admin-tenant-access--1d1a0-n-view-OrgB-members-via-API-chromium-retry1/trace.zip
    Usage:

        npx playwright show-trace test-results/super-admin-tenant-access--1d1a0-n-view-OrgB-members-via-API-chromium-retry1/trace.zip

    ────────────────────────────────────────────────────────────────────────────────────────────────

  36) [chromium] › tests/isolation/e2e/super-admin-tenant-access.spec.ts:149:7 › Super Admin Tenant Data Access › super admin can access OrgA detail page 

    TimeoutError: page.waitForURL: Timeout 15000ms exceeded.
    =========================== logs ===========================
    waiting for navigation until "load"
    ============================================================

      26 |
      27 |   // Wait for navigation after login — accept any URL except /login (which indicates failure)
    > 28 |   await page.waitForURL((url) => !url.pathname.includes('/login'), { timeout: 15_000 });
         |              ^
      29 |
      30 |   // If we ended up back on /login, the login failed
      31 |   if (page.url().includes('/login')) {
        at login (/Users/johnlynas/dev/nipp-0807/tests/isolation/e2e/super-admin-tenant-access.spec.ts:28:14)
        at /Users/johnlynas/dev/nipp-0807/tests/isolation/e2e/super-admin-tenant-access.spec.ts:150:5

    attachment #1: screenshot (image/png) ──────────────────────────────────────────────────────────
    test-results/super-admin-tenant-access--ce728-can-access-OrgA-detail-page-chromium/test-failed-1.png
    ────────────────────────────────────────────────────────────────────────────────────────────────

    attachment #2: video (video/webm) ──────────────────────────────────────────────────────────────
    test-results/super-admin-tenant-access--ce728-can-access-OrgA-detail-page-chromium/video.webm
    ────────────────────────────────────────────────────────────────────────────────────────────────

    Error Context: test-results/super-admin-tenant-access--ce728-can-access-OrgA-detail-page-chromium/error-context.md

    attachment #4: trace (application/zip) ─────────────────────────────────────────────────────────
    test-results/super-admin-tenant-access--ce728-can-access-OrgA-detail-page-chromium/trace.zip
    Usage:

        npx playwright show-trace test-results/super-admin-tenant-access--ce728-can-access-OrgA-detail-page-chromium/trace.zip

    ────────────────────────────────────────────────────────────────────────────────────────────────

    Retry #1 ───────────────────────────────────────────────────────────────────────────────────────

    TimeoutError: page.waitForURL: Timeout 15000ms exceeded.
    =========================== logs ===========================
    waiting for navigation until "load"
    ============================================================

      26 |
      27 |   // Wait for navigation after login — accept any URL except /login (which indicates failure)
    > 28 |   await page.waitForURL((url) => !url.pathname.includes('/login'), { timeout: 15_000 });
         |              ^
      29 |
      30 |   // If we ended up back on /login, the login failed
      31 |   if (page.url().includes('/login')) {
        at login (/Users/johnlynas/dev/nipp-0807/tests/isolation/e2e/super-admin-tenant-access.spec.ts:28:14)
        at /Users/johnlynas/dev/nipp-0807/tests/isolation/e2e/super-admin-tenant-access.spec.ts:150:5

    attachment #1: screenshot (image/png) ──────────────────────────────────────────────────────────
    test-results/super-admin-tenant-access--ce728-can-access-OrgA-detail-page-chromium-retry1/test-failed-1.png
    ────────────────────────────────────────────────────────────────────────────────────────────────

    attachment #2: video (video/webm) ──────────────────────────────────────────────────────────────
    test-results/super-admin-tenant-access--ce728-can-access-OrgA-detail-page-chromium-retry1/video.webm
    ────────────────────────────────────────────────────────────────────────────────────────────────

    Error Context: test-results/super-admin-tenant-access--ce728-can-access-OrgA-detail-page-chromium-retry1/error-context.md

    attachment #4: trace (application/zip) ─────────────────────────────────────────────────────────
    test-results/super-admin-tenant-access--ce728-can-access-OrgA-detail-page-chromium-retry1/trace.zip
    Usage:

        npx playwright show-trace test-results/super-admin-tenant-access--ce728-can-access-OrgA-detail-page-chromium-retry1/trace.zip

    ────────────────────────────────────────────────────────────────────────────────────────────────

  37) [chromium] › tests/isolation/e2e/super-admin-tenant-access.spec.ts:161:7 › Super Admin Tenant Data Access › super admin can access OrgB detail page 

    TimeoutError: page.waitForURL: Timeout 15000ms exceeded.
    =========================== logs ===========================
    waiting for navigation until "load"
    ============================================================

      26 |
      27 |   // Wait for navigation after login — accept any URL except /login (which indicates failure)
    > 28 |   await page.waitForURL((url) => !url.pathname.includes('/login'), { timeout: 15_000 });
         |              ^
      29 |
      30 |   // If we ended up back on /login, the login failed
      31 |   if (page.url().includes('/login')) {
        at login (/Users/johnlynas/dev/nipp-0807/tests/isolation/e2e/super-admin-tenant-access.spec.ts:28:14)
        at /Users/johnlynas/dev/nipp-0807/tests/isolation/e2e/super-admin-tenant-access.spec.ts:162:5

    attachment #1: screenshot (image/png) ──────────────────────────────────────────────────────────
    test-results/super-admin-tenant-access--2407a-can-access-OrgB-detail-page-chromium/test-failed-1.png
    ────────────────────────────────────────────────────────────────────────────────────────────────

    attachment #2: video (video/webm) ──────────────────────────────────────────────────────────────
    test-results/super-admin-tenant-access--2407a-can-access-OrgB-detail-page-chromium/video.webm
    ────────────────────────────────────────────────────────────────────────────────────────────────

    Error Context: test-results/super-admin-tenant-access--2407a-can-access-OrgB-detail-page-chromium/error-context.md

    attachment #4: trace (application/zip) ─────────────────────────────────────────────────────────
    test-results/super-admin-tenant-access--2407a-can-access-OrgB-detail-page-chromium/trace.zip
    Usage:

        npx playwright show-trace test-results/super-admin-tenant-access--2407a-can-access-OrgB-detail-page-chromium/trace.zip

    ────────────────────────────────────────────────────────────────────────────────────────────────

    Retry #1 ───────────────────────────────────────────────────────────────────────────────────────

    TimeoutError: page.waitForURL: Timeout 15000ms exceeded.
    =========================== logs ===========================
    waiting for navigation until "load"
    ============================================================

      26 |
      27 |   // Wait for navigation after login — accept any URL except /login (which indicates failure)
    > 28 |   await page.waitForURL((url) => !url.pathname.includes('/login'), { timeout: 15_000 });
         |              ^
      29 |
      30 |   // If we ended up back on /login, the login failed
      31 |   if (page.url().includes('/login')) {
        at login (/Users/johnlynas/dev/nipp-0807/tests/isolation/e2e/super-admin-tenant-access.spec.ts:28:14)
        at /Users/johnlynas/dev/nipp-0807/tests/isolation/e2e/super-admin-tenant-access.spec.ts:162:5

    attachment #1: screenshot (image/png) ──────────────────────────────────────────────────────────
    test-results/super-admin-tenant-access--2407a-can-access-OrgB-detail-page-chromium-retry1/test-failed-1.png
    ────────────────────────────────────────────────────────────────────────────────────────────────

    attachment #2: video (video/webm) ──────────────────────────────────────────────────────────────
    test-results/super-admin-tenant-access--2407a-can-access-OrgB-detail-page-chromium-retry1/video.webm
    ────────────────────────────────────────────────────────────────────────────────────────────────

    Error Context: test-results/super-admin-tenant-access--2407a-can-access-OrgB-detail-page-chromium-retry1/error-context.md

    attachment #4: trace (application/zip) ─────────────────────────────────────────────────────────
    test-results/super-admin-tenant-access--2407a-can-access-OrgB-detail-page-chromium-retry1/trace.zip
    Usage:

        npx playwright show-trace test-results/super-admin-tenant-access--2407a-can-access-OrgB-detail-page-chromium-retry1/trace.zip

    ────────────────────────────────────────────────────────────────────────────────────────────────

  38) [chromium] › tests/isolation/e2e/super-admin-tenant-access.spec.ts:175:7 › Super Admin Tenant Data Access › super admin can access system-health page 

    TimeoutError: page.waitForURL: Timeout 15000ms exceeded.
    =========================== logs ===========================
    waiting for navigation until "load"
    ============================================================

      26 |
      27 |   // Wait for navigation after login — accept any URL except /login (which indicates failure)
    > 28 |   await page.waitForURL((url) => !url.pathname.includes('/login'), { timeout: 15_000 });
         |              ^
      29 |
      30 |   // If we ended up back on /login, the login failed
      31 |   if (page.url().includes('/login')) {
        at login (/Users/johnlynas/dev/nipp-0807/tests/isolation/e2e/super-admin-tenant-access.spec.ts:28:14)
        at /Users/johnlynas/dev/nipp-0807/tests/isolation/e2e/super-admin-tenant-access.spec.ts:176:5

    attachment #1: screenshot (image/png) ──────────────────────────────────────────────────────────
    test-results/super-admin-tenant-access--7502e-n-access-system-health-page-chromium/test-failed-1.png
    ────────────────────────────────────────────────────────────────────────────────────────────────

    attachment #2: video (video/webm) ──────────────────────────────────────────────────────────────
    test-results/super-admin-tenant-access--7502e-n-access-system-health-page-chromium/video.webm
    ────────────────────────────────────────────────────────────────────────────────────────────────

    Error Context: test-results/super-admin-tenant-access--7502e-n-access-system-health-page-chromium/error-context.md

    attachment #4: trace (application/zip) ─────────────────────────────────────────────────────────
    test-results/super-admin-tenant-access--7502e-n-access-system-health-page-chromium/trace.zip
    Usage:

        npx playwright show-trace test-results/super-admin-tenant-access--7502e-n-access-system-health-page-chromium/trace.zip

    ────────────────────────────────────────────────────────────────────────────────────────────────

    Retry #1 ───────────────────────────────────────────────────────────────────────────────────────

    TimeoutError: page.waitForURL: Timeout 15000ms exceeded.
    =========================== logs ===========================
    waiting for navigation until "load"
    ============================================================

      26 |
      27 |   // Wait for navigation after login — accept any URL except /login (which indicates failure)
    > 28 |   await page.waitForURL((url) => !url.pathname.includes('/login'), { timeout: 15_000 });
         |              ^
      29 |
      30 |   // If we ended up back on /login, the login failed
      31 |   if (page.url().includes('/login')) {
        at login (/Users/johnlynas/dev/nipp-0807/tests/isolation/e2e/super-admin-tenant-access.spec.ts:28:14)
        at /Users/johnlynas/dev/nipp-0807/tests/isolation/e2e/super-admin-tenant-access.spec.ts:176:5

    attachment #1: screenshot (image/png) ──────────────────────────────────────────────────────────
    test-results/super-admin-tenant-access--7502e-n-access-system-health-page-chromium-retry1/test-failed-1.png
    ────────────────────────────────────────────────────────────────────────────────────────────────

    attachment #2: video (video/webm) ──────────────────────────────────────────────────────────────
    test-results/super-admin-tenant-access--7502e-n-access-system-health-page-chromium-retry1/video.webm
    ────────────────────────────────────────────────────────────────────────────────────────────────

    Error Context: test-results/super-admin-tenant-access--7502e-n-access-system-health-page-chromium-retry1/error-context.md

    attachment #4: trace (application/zip) ─────────────────────────────────────────────────────────
    test-results/super-admin-tenant-access--7502e-n-access-system-health-page-chromium-retry1/trace.zip
    Usage:

        npx playwright show-trace test-results/super-admin-tenant-access--7502e-n-access-system-health-page-chromium-retry1/trace.zip

    ────────────────────────────────────────────────────────────────────────────────────────────────

  39) [chromium] › tests/isolation/e2e/super-admin-tenant-access.spec.ts:183:7 › Super Admin Tenant Data Access › super admin can access audit-logs page 

    TimeoutError: page.waitForURL: Timeout 15000ms exceeded.
    =========================== logs ===========================
    waiting for navigation until "load"
    ============================================================

      26 |
      27 |   // Wait for navigation after login — accept any URL except /login (which indicates failure)
    > 28 |   await page.waitForURL((url) => !url.pathname.includes('/login'), { timeout: 15_000 });
         |              ^
      29 |
      30 |   // If we ended up back on /login, the login failed
      31 |   if (page.url().includes('/login')) {
        at login (/Users/johnlynas/dev/nipp-0807/tests/isolation/e2e/super-admin-tenant-access.spec.ts:28:14)
        at /Users/johnlynas/dev/nipp-0807/tests/isolation/e2e/super-admin-tenant-access.spec.ts:184:5

    attachment #1: screenshot (image/png) ──────────────────────────────────────────────────────────
    test-results/super-admin-tenant-access--28558--can-access-audit-logs-page-chromium/test-failed-1.png
    ────────────────────────────────────────────────────────────────────────────────────────────────

    attachment #2: video (video/webm) ──────────────────────────────────────────────────────────────
    test-results/super-admin-tenant-access--28558--can-access-audit-logs-page-chromium/video.webm
    ────────────────────────────────────────────────────────────────────────────────────────────────

    Error Context: test-results/super-admin-tenant-access--28558--can-access-audit-logs-page-chromium/error-context.md

    attachment #4: trace (application/zip) ─────────────────────────────────────────────────────────
    test-results/super-admin-tenant-access--28558--can-access-audit-logs-page-chromium/trace.zip
    Usage:

        npx playwright show-trace test-results/super-admin-tenant-access--28558--can-access-audit-logs-page-chromium/trace.zip

    ────────────────────────────────────────────────────────────────────────────────────────────────

    Retry #1 ───────────────────────────────────────────────────────────────────────────────────────

    TimeoutError: page.waitForURL: Timeout 15000ms exceeded.
    =========================== logs ===========================
    waiting for navigation until "load"
    ============================================================

      26 |
      27 |   // Wait for navigation after login — accept any URL except /login (which indicates failure)
    > 28 |   await page.waitForURL((url) => !url.pathname.includes('/login'), { timeout: 15_000 });
         |              ^
      29 |
      30 |   // If we ended up back on /login, the login failed
      31 |   if (page.url().includes('/login')) {
        at login (/Users/johnlynas/dev/nipp-0807/tests/isolation/e2e/super-admin-tenant-access.spec.ts:28:14)
        at /Users/johnlynas/dev/nipp-0807/tests/isolation/e2e/super-admin-tenant-access.spec.ts:184:5

    attachment #1: screenshot (image/png) ──────────────────────────────────────────────────────────
    test-results/super-admin-tenant-access--28558--can-access-audit-logs-page-chromium-retry1/test-failed-1.png
    ────────────────────────────────────────────────────────────────────────────────────────────────

    attachment #2: video (video/webm) ──────────────────────────────────────────────────────────────
    test-results/super-admin-tenant-access--28558--can-access-audit-logs-page-chromium-retry1/video.webm
    ────────────────────────────────────────────────────────────────────────────────────────────────

    Error Context: test-results/super-admin-tenant-access--28558--can-access-audit-logs-page-chromium-retry1/error-context.md

    attachment #4: trace (application/zip) ─────────────────────────────────────────────────────────
    test-results/super-admin-tenant-access--28558--can-access-audit-logs-page-chromium-retry1/trace.zip
    Usage:

        npx playwright show-trace test-results/super-admin-tenant-access--28558--can-access-audit-logs-page-chromium-retry1/trace.zip

    ────────────────────────────────────────────────────────────────────────────────────────────────

  39 failed
    [chromium] › tests/isolation/e2e/calendar-interactions.spec.ts:94:7 › Calendar Interactions E2E › creates a recurring event and displays expanded instances in the calendar grid 
    [chromium] › tests/isolation/e2e/calendar-interactions.spec.ts:122:7 › Calendar Interactions E2E › expands rrule-based recurrence correctly across month boundaries 
    [chromium] › tests/isolation/e2e/calendar-interactions.spec.ts:168:7 › Calendar Interactions E2E › non-recurring events display as single instances 
    [chromium] › tests/isolation/e2e/calendar-interactions.spec.ts:208:7 › Calendar Interactions E2E › PATCH with editScope "this" creates override and EXDATEs 
    [chromium] › tests/isolation/e2e/calendar-interactions.spec.ts:249:7 › Calendar Interactions E2E › PATCH with editScope "all" updates the entire series 
    [chromium] › tests/isolation/e2e/calendar-interactions.spec.ts:285:7 › Calendar Interactions E2E › PATCH with editScope "following" terminates base and creates new series 
    [chromium] › tests/isolation/e2e/calendar-interactions.spec.ts:334:7 › Calendar Interactions E2E › PATCH without editScope updates in place for recurring event 
    [chromium] › tests/isolation/e2e/calendar-interactions.spec.ts:373:7 › Calendar Interactions E2E › recurrence details are returned in API responses 
    [chromium] › tests/isolation/e2e/calendar-interactions.spec.ts:415:7 › Calendar Interactions E2E › exdates are preserved and returned in API responses 
    [chromium] › tests/isolation/e2e/calendar-interactions.spec.ts:446:7 › Calendar Interactions E2E › deleting a recurring event removes it from the calendar 
    [chromium] › tests/isolation/e2e/calendar-interactions.spec.ts:469:7 › Calendar Interactions E2E › upcoming events API returns expanded recurring instances 
    [chromium] › tests/isolation/e2e/payload-encryption-browser.test.ts:263:7 › Web Crypto Browser Tests › should have Web Crypto available in browser context 
    [chromium] › tests/isolation/e2e/payload-encryption-browser.test.ts:274:7 › Web Crypto Browser Tests › should be in a secure context 
    [chromium] › tests/isolation/e2e/payload-encryption-browser.test.ts:286:7 › Web Crypto Browser Tests › should generate AES-GCM keys successfully 
    [chromium] › tests/isolation/e2e/payload-encryption-browser.test.ts:297:7 › Web Crypto Browser Tests › should encrypt and decrypt JSON payloads 
    [chromium] › tests/isolation/e2e/payload-encryption-browser.test.ts:308:7 › Web Crypto Browser Tests › should handle Unicode characters correctly 
    [chromium] › tests/isolation/e2e/payload-encryption-browser.test.ts:319:7 › Web Crypto Browser Tests › should reject decryption with wrong AAD 
    [chromium] › tests/isolation/e2e/payload-encryption-browser.test.ts:330:7 › Web Crypto Browser Tests › should import keys from base64url encoding 
    [chromium] › tests/isolation/e2e/payload-encryption-browser.test.ts:341:7 › Web Crypto Browser Tests › should detect tampered payloads 
    [chromium] › tests/isolation/e2e/payload-encryption-browser.test.ts:352:7 › Web Crypto Browser Tests › should have all tests pass 
    [chromium] › tests/isolation/e2e/payload-encryption-e2e.spec.ts:75:7 › Payload Encryption E2E › key issuance endpoint returns sessionId and required fields 
    [chromium] › tests/isolation/e2e/payload-encryption-e2e.spec.ts:117:7 › Payload Encryption E2E › encrypted fetch adds encryption headers and binary body for PII routes 
    [chromium] › tests/isolation/e2e/payload-encryption-e2e.spec.ts:173:7 › Payload Encryption E2E › server returns 400 when encryption headers are missing on PII routes 
    [chromium] › tests/isolation/e2e/payload-encryption-e2e.spec.ts:207:7 › Payload Encryption E2E › duplicate request nonce is detected and rejected with 409 
    [chromium] › tests/isolation/e2e/payload-encryption-e2e.spec.ts:276:7 › Payload Encryption E2E › replay cache unavailable returns 503 when headers are present but cache fails 
    [chromium] › tests/isolation/e2e/super-admin-exclusivity.spec.ts:115:7 › Super Admin Exclusivity › super admin can access /admin/organizations 
    [chromium] › tests/isolation/e2e/super-admin-exclusivity.spec.ts:123:7 › Super Admin Exclusivity › super admin can access /admin/permissions 
    [chromium] › tests/isolation/e2e/super-admin-exclusivity.spec.ts:131:7 › Super Admin Exclusivity › super admin can access /admin/system-logs 
    [chromium] › tests/isolation/e2e/super-admin-exclusivity.spec.ts:139:7 › Super Admin Exclusivity › super admin sees admin nav links 
    [chromium] › tests/isolation/e2e/super-admin-tenant-access.spec.ts:56:7 › Super Admin Tenant Data Access › super admin can view organizations list including OrgA and OrgB 
    [chromium] › tests/isolation/e2e/super-admin-tenant-access.spec.ts:73:7 › Super Admin Tenant Data Access › super admin can view OrgA details 
    [chromium] › tests/isolation/e2e/super-admin-tenant-access.spec.ts:86:7 › Super Admin Tenant Data Access › super admin can view OrgB details 
    [chromium] › tests/isolation/e2e/super-admin-tenant-access.spec.ts:103:7 › Super Admin Tenant Data Access › super admin can navigate to OrgA on admin organizations page 
    [chromium] › tests/isolation/e2e/super-admin-tenant-access.spec.ts:118:7 › Super Admin Tenant Data Access › super admin can view OrgA members via API 
    [chromium] › tests/isolation/e2e/super-admin-tenant-access.spec.ts:133:7 › Super Admin Tenant Data Access › super admin can view OrgB members via API 
    [chromium] › tests/isolation/e2e/super-admin-tenant-access.spec.ts:149:7 › Super Admin Tenant Data Access › super admin can access OrgA detail page 
    [chromium] › tests/isolation/e2e/super-admin-tenant-access.spec.ts:161:7 › Super Admin Tenant Data Access › super admin can access OrgB detail page 
    [chromium] › tests/isolation/e2e/super-admin-tenant-access.spec.ts:175:7 › Super Admin Tenant Data Access › super admin can access system-health page 
    [chromium] › tests/isolation/e2e/super-admin-tenant-access.spec.ts:183:7 › Super Admin Tenant Data Access › super admin can access audit-logs page 
  10 passed (5.8m)
  [job-scheduler] SIGTERM received — stopping runs and scanner
[job-scheduler] stopped
